code_key;q1;q2;q3;q4;q4a;q6;q7;q8;q9;q10;q11;q12;q13;q14;q14a;q15;q16;q17;q18;q20;q21;q22;q22a;q22b;q23;q24;q39;q40;q41;q42;q43;q44;q45;q45a;q73;q74;table30_2
1400001;;;;;;;ع . النجف ( مركزية - علمي );1;;;;;;;;;;;;;;;;;;;;;;;;;;;;;
1400002;;;;;;;ع . الخورنق;1;;;;;;;;;;;;;;;;;;;;;;;;;;;;;
1400003;;;;;;;م . السدير الأساسية;1;;;;;;;;;;;;;;;;;;;;;;;;;;;;;
1400004;;;;;;;ع . الحبوبي المسائية ( سادس علمي وادبي );1;;;;;;;;;;;;;;;;;;;;;;;;;;;;;
1400005;;;;;;;م . الجمهورية;1;;;;;;;;;;;;;;;;;;;;;;;;;;;;;
1400006;;;;;;;م . النجف المسائية;1;;;;;;;;;;;;;;;;;;;;;;;;;;;;;
1400007;;;;;;;ث . الكندي;1;;;;;;;;;;;;;;;;;;;;;;;;;;;;;
1400008;;;;;;;م . النجف للبنين;1;;;;;;;;;;;;;;;;;;;;;;;;;;;;;
1400009;;;;;;;م . النهروان;1;;;;;;;;;;;;;;;;;;;;;;;;;;;;;
1400010;;;;;;;م . الامام علي;1;;;;;;;;;;;;;;;;;;;;;;;;;;;;;
1400011;;;;;;;م . الخليل;1;;;;;;;;;;;;;;;;;;;;;;;;;;;;;
1400012;;;;;;;م . دمشق الأساسية;1;;;;;;;;;;;;;;;;;;;;;;;;;;;;;
1400013;;;;;;;م . بغداد الأساسية;1;;;;;;;;;;;;;;;;;;;;;;;;;;;;;
1400014;;;;;;;ع . الامام الحسين;1;;;;;;;;;;;;;;;;;;;;;;;;;;;;;
1400015;;;;;;;م . الاحرار(قرض);1;;;;;;;;;;;;;;;;;;;;;;;;;;;;;
1400016;;;;;;;م . الامام الهادي الأساسية;1;;;;;;;;;;;;;;;;;;;;;;;;;;;;;
1400017;;;;;;;م . عكاظ;1;;;;;;;;;;;;;;;;;;;;;;;;;;;;;
1400018;;;;;;;ع . الدكتور علي الوردي ( سادس علمي و ادبي );1;;;;;;;;;;;;;;;;;;;;;;;;;;;;;
1400019;;;;;;;م . ابي ذر;1;;;;;;;;;;;;;;;;;;;;;;;;;;;;;
1400020;;;;;;;م . الفارس العربي;1;;;;;;;;;;;;;;;;;;;;;;;;;;;;;
1400021;;;;;;;ع . امنة الصدر ( سادس علمي وادبي );1;;;;;;;;;;;;;;;;;;;;;;;;;;;;;
1400022;;;;;;;م . النجف للبنات;1;;;;;;;;;;;;;;;;;;;;;;;;;;;;;
1400023;;;;;;;ع . الامير ( سادس علمي وادبي );1;;;;;;;;;;;;;;;;;;;;;;;;;;;;;
1400024;;;;;;;م . الامل;1;;;;;;;;;;;;;;;;;;;;;;;;;;;;;
1400026;;;;;;;ع . اللاذقية ( سادس علمي وادبي );1;;;;;;;;;;;;;;;;;;;;;;;;;;;;;
1400027;;;;;;;ث . ميسلون;1;;;;;;;;;;;;;;;;;;;;;;;;;;;;;
1400028;;;;;;;ع . البتول المسائية ( سادس علمي وادبي );1;;;;;;;;;;;;;;;;;;;;;;;;;;;;;
1400029;;;;;;;م . الشهباء;1;;;;;;;;;;;;;;;;;;;;;;;;;;;;;
1400030;;;;;;;م . بلقيس الأساسية;1;;;;;;;;;;;;;;;;;;;;;;;;;;;;;
1400031;;;;;;;ع . الساجدات ( مركزية - علمي );1;;;;;;;;;;;;;;;;;;;;;;;;;;;;;
1400032;;;;;;;م . الخنساء;1;;;;;;;;;;;;;;;;;;;;;;;;;;;;;
1400033;;;;;;;م . اوراس;1;;;;;;;;;;;;;;;;;;;;;;;;;;;;;
1400034;;;;;;;ع . خولة بنت الازور;1;;;;;;;;;;;;;;;;;;;;;;;;;;;;;
1400035;;;;;;;ث . الكرامة;1;;;;;;;;;;;;;;;;;;;;;;;;;;;;;
1400036;;;;;;;م . صدر العراق;1;;;;;;;;;;;;;;;;;;;;;;;;;;;;;
1400037;;;;;;;م . المثنى;1;;;;;;;;;;;;;;;;;;;;;;;;;;;;;
1400038;;;;;;;ع . الجزائر ( سادس ادبي );1;;;;;;;;;;;;;;;;;;;;;;;;;;;;;
1400039;;;;;;;ع . الوحدة ( سادس علمي );1;;;;;;;;;;;;;;;;;;;;;;;;;;;;;
1400040;;;;;;;م . الكرار;1;;;;;;;;;;;;;;;;;;;;;;;;;;;;;
1400041;;;;;;;ث . رمضان;1;;;;;;;;;;;;;;;;;;;;;;;;;;;;;
1400042;;;;;;;م . العفاف;1;;;;;;;;;;;;;;;;;;;;;;;;;;;;;
1400043;;;;;;;ع . النصر ( مركزية - علمي );1;;;;;;;;;;;;;;;;;;;;;;;;;;;;;
1400044;;;;;;;ث . الفاو;1;;;;;;;;;;;;;;;;;;;;;;;;;;;;;
1400045;;;;;;;ع . الزهراء ( سادس ادبي );1;;;;;;;;;;;;;;;;;;;;;;;;;;;;;
1400046;;;;;;;م . الخليج العربي;1;;;;;;;;;;;;;;;;;;;;;;;;;;;;;
1400047;;;;;;;ع . زينب الكبرى ( سادس علمي ادبي );1;;;;;;;;;;;;;;;;;;;;;;;;;;;;;
1400048;;;;;;;ع . محمد باقر الصدر ( سادس علمي وادبي );1;;;;;;;;;;;;;;;;;;;;;;;;;;;;;
1400050;;;;;;;ع . اليقظة;1;;;;;;;;;;;;;;;;;;;;;;;;;;;;;
1400051;;;;;;;ع . الفرزدق ( سادس ادبي );1;;;;;;;;;;;;;;;;;;;;;;;;;;;;;
1400052;;;;;;;م . سمية;1;;;;;;;;;;;;;;;;;;;;;;;;;;;;;
1400053;;;;;;;م . رقية;1;;;;;;;;;;;;;;;;;;;;;;;;;;;;;
1400054;;;;;;;ع . التحرير ( سادس علمي );1;;;;;;;;;;;;;;;;;;;;;;;;;;;;;
1400055;;;;;;;ث . الكرار المسائية ( سادس علمي و ادبي );1;;;;;;;;;;;;;;;;;;;;;;;;;;;;;
1400056;;;;;;;م . شهداء الجمعة;1;;;;;;;;;;;;;;;;;;;;;;;;;;;;;
1400057;;;;;;;ع . الشيخ المفيد ( مركزية - علمي );1;;;;;;;;;;;;;;;;;;;;;;;;;;;;;
1400058;;;;;;;م . الحمزة بن عبد المطلب;1;;;;;;;;;;;;;;;;;;;;;;;;;;;;;
1400059;;;;;;;م . كربلاء;1;;;;;;;;;;;;;;;;;;;;;;;;;;;;;
1400060;;;;;;;م . الخليل المسائية;1;;;;;;;;;;;;;;;;;;;;;;;;;;;;;
1400061;;;;;;;ع. الصباح ( سادس علمي و ادبي );1;;;;;;;;;;;;;;;;;;;;;;;;;;;;;
1400062;;;;;;;ع . الايمان;1;;;;;;;;;;;;;;;;;;;;;;;;;;;;;
1400063;;;;;;;ع . الاصيل ( مركزية - علمي );1;;;;;;;;;;;;;;;;;;;;;;;;;;;;;
1400064;;;;;;;ع . انتفاضة صفر;1;;;;;;;;;;;;;;;;;;;;;;;;;;;;;
1400065;;;;;;;م . الامام الحسن;1;;;;;;;;;;;;;;;;;;;;;;;;;;;;;
1400066;;;;;;;ث . الانفال;1;;;;;;;;;;;;;;;;;;;;;;;;;;;;;
1400067;;;;;;;ع . شمس الحرية ( سادس علمي و ادبي );1;;;;;;;;;;;;;;;;;;;;;;;;;;;;;
1400068;;;;;;;م . قمر بني هاشم;1;;;;;;;;;;;;;;;;;;;;;;;;;;;;;
1400069;;;;;;;ث . محمد بن ابي بكر (قرض);1;;;;;;;;;;;;;;;;;;;;;;;;;;;;;
1400070;;;;;;;ث . الزهاوي;1;;;;;;;;;;;;;;;;;;;;;;;;;;;;;
1400071;;;;;;;ع . الفاطمية ( سادس علمي وادبي );1;;;;;;;;;;;;;;;;;;;;;;;;;;;;;
1400072;;;;;;;ث . طريق الحسين  ( سادس ادبي );1;;;;;;;;;;;;;;;;;;;;;;;;;;;;;
1400073;;;;;;;ع . الفرات;2;;;;;;;;;;;;;;;;;;;;;;;;;;;;;
1400074;;;;;;;م . المتنبي;2;;;;;;;;;;;;;;;;;;;;;;;;;;;;;
1400075;;;;;;;ث . الحكيم المسائية  ( سادس علمي وادبي );2;;;;;;;;;;;;;;;;;;;;;;;;;;;;;
1400076;;;;;;;م . حلب;2;;;;;;;;;;;;;;;;;;;;;;;;;;;;;
1400077;;;;;;;م . المصطفى الأساسية;2;;;;;;;;;;;;;;;;;;;;;;;;;;;;;
1400078;;;;;;;ع . الكوفة ( سادس علمي );2;;;;;;;;;;;;;;;;;;;;;;;;;;;;;
1400079;;;;;;;م . الشهيد عبد المنعم فارس;2;;;;;;;;;;;;;;;;;;;;;;;;;;;;;
1400080;;;;;;;ع . الزاكيات  ( سادس علمي وادبي );2;;;;;;;;;;;;;;;;;;;;;;;;;;;;;
1400081;;;;;;;م . طول كرم;2;;;;;;;;;;;;;;;;;;;;;;;;;;;;;
1400082;;;;;;;ث . حمورابي;2;;;;;;;;;;;;;;;;;;;;;;;;;;;;;
1400083;;;;;;;ع . ميسان ( سادس علمي وادبي );2;;;;;;;;;;;;;;;;;;;;;;;;;;;;;
1400084;;;;;;;ث . شط العرب;2;;;;;;;;;;;;;;;;;;;;;;;;;;;;;
1400085;;;;;;;ث . الحرية;2;;;;;;;;;;;;;;;;;;;;;;;;;;;;;
1400087;;;;;;;ع . مسلم بن عقيل ( مركزية علمي وادبي );2;;;;;;;;;;;;;;;;;;;;;;;;;;;;;
1400088;;;;;;;ث . الطليعة;2;;;;;;;;;;;;;;;;;;;;;;;;;;;;;
1400089;;;;;;;م . الرياض;2;;;;;;;;;;;;;;;;;;;;;;;;;;;;;
1400090;;;;;;;م . الزهور;2;;;;;;;;;;;;;;;;;;;;;;;;;;;;;
1400091;;;;;;;م . الامام زين العابدين ( ع );2;;;;;;;;;;;;;;;;;;;;;;;;;;;;;
1400092;;;;;;;م . الضفاف;2;;;;;;;;;;;;;;;;;;;;;;;;;;;;;
1400093;;;;;;;م . الصدرين;2;;;;;;;;;;;;;;;;;;;;;;;;;;;;;
1400094;;;;;;;م . العباسية;2;;;;;;;;;;;;;;;;;;;;;;;;;;;;;
1400095;;;;;;;ث . الرواد للبنين;2;;;;;;;;;;;;;;;;;;;;;;;;;;;;;
1400096;;;;;;;م . غانم المحنة;2;;;;;;;;;;;;;;;;;;;;;;;;;;;;;
1400097;;;;;;;ع . زيد بن علي ( سادس علمي وادبي );2;;;;;;;;;;;;;;;;;;;;;;;;;;;;;
1400098;;;;;;;م . الفراهيدي;2;;;;;;;;;;;;;;;;;;;;;;;;;;;;;
1400099;;;;;;;م . قرطاجة;2;;;;;;;;;;;;;;;;;;;;;;;;;;;;;
1400100;;;;;;;م . حلوان;2;;;;;;;;;;;;;;;;;;;;;;;;;;;;;
1400101;;;;;;;ع . المربد ( قرض );2;;;;;;;;;;;;;;;;;;;;;;;;;;;;;
1400102;;;;;;;ع . الفدائي ( سادس علمي وادبي );2;;;;;;;;;;;;;;;;;;;;;;;;;;;;;
1400103;;;;;;;ث . الرملة  ( سادس علمي وادبي );2;;;;;;;;;;;;;;;;;;;;;;;;;;;;;
1400104;;;;;;;ث . السلام;2;;;;;;;;;;;;;;;;;;;;;;;;;;;;;
1400105;;;;;;;م . القدس;3;;;;;;;;;;;;;;;;;;;;;;;;;;;;;
1400106;;;;;;;ث . القدس المسائية ( سادس علمي و ادبي );3;;;;;;;;;;;;;;;;;;;;;;;;;;;;;
1400107;;;;;;;ع . الشيخ احمد الوائلي ( سادس علمي );3;;;;;;;;;;;;;;;;;;;;;;;;;;;;;
1400108;;;;;;;ع . صنعاء ( سادس علمي وادبي );3;;;;;;;;;;;;;;;;;;;;;;;;;;;;;
1400109;;;;;;;ع . الحيرة  ( سادس علمي وادبي );3;;;;;;;;;;;;;;;;;;;;;;;;;;;;;
1400110;;;;;;;ث . الفرسان ( سادس علمي );3;;;;;;;;;;;;;;;;;;;;;;;;;;;;;
1400111;;;;;;;ع . واسط  ( سادس علمي وادبي );3;;;;;;;;;;;;;;;;;;;;;;;;;;;;;
1400112;;;;;;;ث . ابي تراب;3;;;;;;;;;;;;;;;;;;;;;;;;;;;;;
1400113;;;;;;;ث . الاكرمين  ( سادس ادبي );3;;;;;;;;;;;;;;;;;;;;;;;;;;;;;
1400114;;;;;;;م . صنعاء;3;;;;;;;;;;;;;;;;;;;;;;;;;;;;;
1400115;;;;;;;م . ابو الاسود الدوؤلي;3;;;;;;;;;;;;;;;;;;;;;;;;;;;;;
1400116;;;;;;;ع . العزة  ( سادس علمي );4;;;;;;;;;;;;;;;;;;;;;;;;;;;;;
1400117;;;;;;;م . المشخاب;4;;;;;;;;;;;;;;;;;;;;;;;;;;;;;
1400118;;;;;;;ث . المناذرة ( سادس ادبي );4;;;;;;;;;;;;;;;;;;;;;;;;;;;;;
1400119;;;;;;;ث . الخوارزمي ( سادس ادبي );4;;;;;;;;;;;;;;;;;;;;;;;;;;;;;
1400120;;;;;;;ث . الزعيم عبد الواحد سكر ( سادس ادبي );4;;;;;;;;;;;;;;;;;;;;;;;;;;;;;
1400121;;;;;;;م . الامام جعفر الصادق(ع);4;;;;;;;;;;;;;;;;;;;;;;;;;;;;;
1400122;;;;;;;ع . عبد الله بن الحسين ( سادس علمي );4;;;;;;;;;;;;;;;;;;;;;;;;;;;;;
1400123;;;;;;;م . المشخاب;4;;;;;;;;;;;;;;;;;;;;;;;;;;;;;
1400124;;;;;;;ث . الاسراء ( سادس ادبي );4;;;;;;;;;;;;;;;;;;;;;;;;;;;;;
1400125;;;;;;;ث . العلامة رضا الهندي المسائية ( سادس ادبي );4;;;;;;;;;;;;;;;;;;;;;;;;;;;;;
1400126;;;;;;;ث . تبارك ( سادس ادبي );4;;;;;;;;;;;;;;;;;;;;;;;;;;;;;
1400127;;;;;;;م . رشيد الهجري;4;;;;;;;;;;;;;;;;;;;;;;;;;;;;;
1400128;;;;;;;ث . سفير الحسين;4;;;;;;;;;;;;;;;;;;;;;;;;;;;;;
1400129;;;;;;;ث . نور الياسري ( سادس ادبي );4;;;;;;;;;;;;;;;;;;;;;;;;;;;;;
1400130;;;;;;;ع . القادسية للبنات ( سادس علمي وادبي );4;;;;;;;;;;;;;;;;;;;;;;;;;;;;;
1400131;;;;;;;ث . الانتصار ( سادس علمي و ادبي );4;;;;;;;;;;;;;;;;;;;;;;;;;;;;;
1400132;;;;;;;ث . الميثاق;4;;;;;;;;;;;;;;;;;;;;;;;;;;;;;
1400133;;;;;;;م . الثقافة;4;;;;;;;;;;;;;;;;;;;;;;;;;;;;;
1400134;;;;;;;ث . الشهيد عبد الحميد علوان الياسري ( سادس أدبي );4;;;;;;;;;;;;;;;;;;;;;;;;;;;;;
1400135;;;;;;;اطفال النجف;1;;;;;;;;;;;;;;;;;;;;;;;;;;;;;
1400136;;;;;;;الحوراء;1;;;;;;;;;;;;;;;;;;;;;;;;;;;;;
1400137;;;;;;;الاجيال;1;;;;;;;;;;;;;;;;;;;;;;;;;;;;;
1400138;;;;;;;البراعم;1;;;;;;;;;;;;;;;;;;;;;;;;;;;;;
1400139;;;;;;;الزيتون;1;;;;;;;;;;;;;;;;;;;;;;;;;;;;;
1400140;;;;;;;النرجس;1;;;;;;;;;;;;;;;;;;;;;;;;;;;;;
1400141;;;;;;;البيادر;1;;;;;;;;;;;;;;;;;;;;;;;;;;;;;
1400142;;;;;;;الربيع;1;;;;;;;;;;;;;;;;;;;;;;;;;;;;;
1400143;;;;;;;الهديل;1;;;;;;;;;;;;;;;;;;;;;;;;;;;;;
1400144;;;;;;;الشهيدة احلام رزاق كاظم دبش;1;;;;;;;;;;;;;;;;;;;;;;;;;;;;;
1400145;;;;;;;الغدير;1;;;;;;;;;;;;;;;;;;;;;;;;;;;;;
1400146;;;;;;;العبير;1;;;;;;;;;;;;;;;;;;;;;;;;;;;;;
1400147;;;;;;;المباهج;1;;;;;;;;;;;;;;;;;;;;;;;;;;;;;
1400148;;;;;;;اطفال الثورة;1;;;;;;;;;;;;;;;;;;;;;;;;;;;;;
1400149;;;;;;;الحسين;1;;;;;;;;;;;;;;;;;;;;;;;;;;;;;
1400150;;;;;;;الشموع;1;;;;;;;;;;;;;;;;;;;;;;;;;;;;;
1400151;;;;;;;قتيبة;1;;;;;;;;;;;;;;;;;;;;;;;;;;;;;
1400152;;;;;;;الاستبرق;1;;;;;;;;;;;;;;;;;;;;;;;;;;;;;
1400153;;;;;;;الافاق الرحبة;1;;;;;;;;;;;;;;;;;;;;;;;;;;;;;
1400154;;;;;;;الزنابق;1;;;;;;;;;;;;;;;;;;;;;;;;;;;;;
1400155;;;;;;;اطفال الكوفة;2;;;;;;;;;;;;;;;;;;;;;;;;;;;;;
1400156;;;;;;;الينابيع;2;;;;;;;;;;;;;;;;;;;;;;;;;;;;;
1400157;;;;;;;الورود;2;;;;;;;;;;;;;;;;;;;;;;;;;;;;;
1400158;;;;;;;الاصيل;2;;;;;;;;;;;;;;;;;;;;;;;;;;;;;
1400159;;;;;;;الاريج;2;;;;;;;;;;;;;;;;;;;;;;;;;;;;;
1400160;;;;;;;السندس;2;;;;;;;;;;;;;;;;;;;;;;;;;;;;;
1400161;;;;;;;الياسمين;2;;;;;;;;;;;;;;;;;;;;;;;;;;;;;
1400162;;;;;;;الازاهير;2;;;;;;;;;;;;;;;;;;;;;;;;;;;;;
1400163;;;;;;;السدير;3;;;;;;;;;;;;;;;;;;;;;;;;;;;;;
1400164;;;;;;;الشروق;3;;;;;;;;;;;;;;;;;;;;;;;;;;;;;
1400165;;;;;;;الرياحين;3;;;;;;;;;;;;;;;;;;;;;;;;;;;;;
1400166;;;;;;;المشخاب;4;;;;;;;;;;;;;;;;;;;;;;;;;;;;;
1400167;;;;;;;النسيم;4;;;;;;;;;;;;;;;;;;;;;;;;;;;;;
1400168;;;;;;;القادسية;4;;;;;;;;;;;;;;;;;;;;;;;;;;;;;
1400169;;;;;;;إعدادية النجف المهنية (قرض);1;;;;;;;;;;;;;;;;;;;;;;;;;;;;;
1400170;;;;;;;إعدادية الكوثر المهنية;1;;;;;;;;;;;;;;;;;;;;;;;;;;;;;
1400171;;;;;;;إعدادية الغري المهنية للبنين;1;;;;;;;;;;;;;;;;;;;;;;;;;;;;;
1400172;;;;;;;إعدادية الغري المهنية للبنات;1;;;;;;;;;;;;;;;;;;;;;;;;;;;;;
1400173;;;;;;;إعدادية الكوفة المهنية;2;;;;;;;;;;;;;;;;;;;;;;;;;;;;;
1400174;;;;;;;إعدادية المناذرة المهنية;3;;;;;;;;;;;;;;;;;;;;;;;;;;;;;
1400179;;;;;;;الغفاري;1;;;;;;;;;;;;;;;;;;;;;;;;;;;;;
1400180;;;;;;;الحيدرية;1;;;;;;;;;;;;;;;;;;;;;;;;;;;;;
1400181;;;;;;;النضــال;1;;;;;;;;;;;;;;;;;;;;;;;;;;;;;
1400182;;;;;;;التهــذيب;1;;;;;;;;;;;;;;;;;;;;;;;;;;;;;
1400183;;;;;;;مالك الاشتر;1;;;;;;;;;;;;;;;;;;;;;;;;;;;;;
1400184;;;;;;;حليف القرآن ( تربية خاصة );1;;;;;;;;;;;;;;;;;;;;;;;;;;;;;
1400185;;;;;;;اصحاب الكساء;1;;;;;;;;;;;;;;;;;;;;;;;;;;;;;
1400186;;;;;;;السدير الأساسية;1;;;;;;;;;;;;;;;;;;;;;;;;;;;;;
1400187;;;;;;;الرهيمـة;1;;;;;;;;;;;;;;;;;;;;;;;;;;;;;
1400188;;;;;;;الامير;1;;;;;;;;;;;;;;;;;;;;;;;;;;;;;
1400189;;;;;;;التيسير;1;;;;;;;;;;;;;;;;;;;;;;;;;;;;;
1400190;;;;;;;العاصفة;1;;;;;;;;;;;;;;;;;;;;;;;;;;;;;
1400191;;;;;;;دعبل الخزاعي;1;;;;;;;;;;;;;;;;;;;;;;;;;;;;;
1400192;;;;;;;التسامح;1;;;;;;;;;;;;;;;;;;;;;;;;;;;;;
1400193;;;;;;;دمشق الأساسية;1;;;;;;;;;;;;;;;;;;;;;;;;;;;;;
1400194;;;;;;;الصادق;1;;;;;;;;;;;;;;;;;;;;;;;;;;;;;
1400195;;;;;;;الجولان;1;;;;;;;;;;;;;;;;;;;;;;;;;;;;;
1400196;;;;;;;الشهيد وهاب الطالقاني ( الأجيال );1;;;;;;;;;;;;;;;;;;;;;;;;;;;;;
1400197;;;;;;;بغداد الأساسية ( تربية خاصة );1;;;;;;;;;;;;;;;;;;;;;;;;;;;;;
1400198;;;;;;;الصفاء ( تربية خاصة );1;;;;;;;;;;;;;;;;;;;;;;;;;;;;;
1400199;;;;;;;الغــري;1;;;;;;;;;;;;;;;;;;;;;;;;;;;;;
1400200;;;;;;;الأقــدام ( تربية خاصة );1;;;;;;;;;;;;;;;;;;;;;;;;;;;;;
1400201;;;;;;;الامام الهادي الأساسية;1;;;;;;;;;;;;;;;;;;;;;;;;;;;;;
1400202;;;;;;;عــــدن;1;;;;;;;;;;;;;;;;;;;;;;;;;;;;;
1400203;;;;;;;مصطفى جواد;1;;;;;;;;;;;;;;;;;;;;;;;;;;;;;
1400204;;;;;;;الانتصار;1;;;;;;;;;;;;;;;;;;;;;;;;;;;;;
1400205;;;;;;;الوثبــــة;1;;;;;;;;;;;;;;;;;;;;;;;;;;;;;
1400206;;;;;;;الشريف الرضي;1;;;;;;;;;;;;;;;;;;;;;;;;;;;;;
1400207;;;;;;;المعرفة;1;;;;;;;;;;;;;;;;;;;;;;;;;;;;;
1400208;;;;;;;الشعب;1;;;;;;;;;;;;;;;;;;;;;;;;;;;;;
1400209;;;;;;;الصافي النجفي;1;;;;;;;;;;;;;;;;;;;;;;;;;;;;;
1400210;;;;;;;بدر الكبرى ( تربية خاصة );1;;;;;;;;;;;;;;;;;;;;;;;;;;;;;
1400211;;;;;;;الزهراء;1;;;;;;;;;;;;;;;;;;;;;;;;;;;;;
1400212;;;;;;;أم قصر ( تربية خاصة );1;;;;;;;;;;;;;;;;;;;;;;;;;;;;;
1400213;;;;;;;الزينبية ( تربية خاصة );1;;;;;;;;;;;;;;;;;;;;;;;;;;;;;
1400214;;;;;;;سكينـــة;1;;;;;;;;;;;;;;;;;;;;;;;;;;;;;
1400215;;;;;;;رام الله;1;;;;;;;;;;;;;;;;;;;;;;;;;;;;;
1400216;;;;;;;الفضيلة;1;;;;;;;;;;;;;;;;;;;;;;;;;;;;;
1400217;;;;;;;النهضة;1;;;;;;;;;;;;;;;;;;;;;;;;;;;;;
1400218;;;;;;;الوطـــن;1;;;;;;;;;;;;;;;;;;;;;;;;;;;;;
1400219;;;;;;;الفردوس;1;;;;;;;;;;;;;;;;;;;;;;;;;;;;;
1400221;;;;;;;السنابل;1;;;;;;;;;;;;;;;;;;;;;;;;;;;;;
1400222;;;;;;;فتـــــح;1;;;;;;;;;;;;;;;;;;;;;;;;;;;;;
1400223;;;;;;;العفـــة;1;;;;;;;;;;;;;;;;;;;;;;;;;;;;;
1400224;;;;;;;النخيل;1;;;;;;;;;;;;;;;;;;;;;;;;;;;;;
1400225;;;;;;;بلقيس الأساسية;1;;;;;;;;;;;;;;;;;;;;;;;;;;;;;
1400226;;;;;;;الافراح;1;;;;;;;;;;;;;;;;;;;;;;;;;;;;;
1400227;;;;;;;الفراقـــد;1;;;;;;;;;;;;;;;;;;;;;;;;;;;;;
1400228;;;;;;;المقاصد;1;;;;;;;;;;;;;;;;;;;;;;;;;;;;;
1400229;;;;;;;دجـلـــة;1;;;;;;;;;;;;;;;;;;;;;;;;;;;;;
1400230;;;;;;;مصطفى جمال الدين;1;;;;;;;;;;;;;;;;;;;;;;;;;;;;;
1400231;;;;;;;الانصاف;1;;;;;;;;;;;;;;;;;;;;;;;;;;;;;
1400232;;;;;;;بــردى;1;;;;;;;;;;;;;;;;;;;;;;;;;;;;;
1400233;;;;;;;البيارق ( تربية خاصة );1;;;;;;;;;;;;;;;;;;;;;;;;;;;;;
1400234;;;;;;;الابداع;1;;;;;;;;;;;;;;;;;;;;;;;;;;;;;
1400235;;;;;;;الامــاني ( تربية خاصة );1;;;;;;;;;;;;;;;;;;;;;;;;;;;;;
1400236;;;;;;;نهج البلاغة;1;;;;;;;;;;;;;;;;;;;;;;;;;;;;;
1400237;;;;;;;النــــور;1;;;;;;;;;;;;;;;;;;;;;;;;;;;;;
1400238;;;;;;;الفرقان;1;;;;;;;;;;;;;;;;;;;;;;;;;;;;;
1400239;;;;;;;الشيماء;1;;;;;;;;;;;;;;;;;;;;;;;;;;;;;
1400240;;;;;;;الرسالة ( تربية خاصة );1;;;;;;;;;;;;;;;;;;;;;;;;;;;;;
1400241;;;;;;;القاهـــرة;1;;;;;;;;;;;;;;;;;;;;;;;;;;;;;
1400242;;;;;;;الطـائف  ( تربية خاصة );1;;;;;;;;;;;;;;;;;;;;;;;;;;;;;
1400243;;;;;;;التراث العربي;1;;;;;;;;;;;;;;;;;;;;;;;;;;;;;
1400244;;;;;;;تبــــوك;1;;;;;;;;;;;;;;;;;;;;;;;;;;;;;
1400245;;;;;;;المكاسب;1;;;;;;;;;;;;;;;;;;;;;;;;;;;;;
1400246;;;;;;;صفيـــن;1;;;;;;;;;;;;;;;;;;;;;;;;;;;;;
1400248;;;;;;;التضحية;1;;;;;;;;;;;;;;;;;;;;;;;;;;;;;
1400249;;;;;;;حبيب بن مظاهر الاسدي;1;;;;;;;;;;;;;;;;;;;;;;;;;;;;;
1400250;;;;;;;فتى الاسلام ( تربية خاصة );1;;;;;;;;;;;;;;;;;;;;;;;;;;;;;
1400251;;;;;;;المسعودي;1;;;;;;;;;;;;;;;;;;;;;;;;;;;;;
1400252;;;;;;;حيفـــا;1;;;;;;;;;;;;;;;;;;;;;;;;;;;;;
1400253;;;;;;;الحر الرياحي;1;;;;;;;;;;;;;;;;;;;;;;;;;;;;;
1400254;;;;;;;ابي الفضل العباس;1;;;;;;;;;;;;;;;;;;;;;;;;;;;;;
1400255;;;;;;;الانصار;1;;;;;;;;;;;;;;;;;;;;;;;;;;;;;
1400256;;;;;;;المجـــد;1;;;;;;;;;;;;;;;;;;;;;;;;;;;;;
1400257;;;;;;;السهل الاخضر ( تربية خاصة );1;;;;;;;;;;;;;;;;;;;;;;;;;;;;;
1400258;;;;;;;العصمة ( تربية خاصة );1;;;;;;;;;;;;;;;;;;;;;;;;;;;;;
1400259;;;;;;;الطبرسي;1;;;;;;;;;;;;;;;;;;;;;;;;;;;;;
1400260;;;;;;;الابرار;1;;;;;;;;;;;;;;;;;;;;;;;;;;;;;
1400261;;;;;;;المهاجرين ( تربية خاصة );1;;;;;;;;;;;;;;;;;;;;;;;;;;;;;
1400262;;;;;;;الرحمة;1;;;;;;;;;;;;;;;;;;;;;;;;;;;;;
1400263;;;;;;;6كانون;1;;;;;;;;;;;;;;;;;;;;;;;;;;;;;
1400264;;;;;;;الحوراء ( تربية خاصة );1;;;;;;;;;;;;;;;;;;;;;;;;;;;;;
1400265;;;;;;;البيعة الكبرى;1;;;;;;;;;;;;;;;;;;;;;;;;;;;;;
1400266;;;;;;;الغـــدير;1;;;;;;;;;;;;;;;;;;;;;;;;;;;;;
1400267;;;;;;;صـــور;1;;;;;;;;;;;;;;;;;;;;;;;;;;;;;
1400268;;;;;;;البــراق;1;;;;;;;;;;;;;;;;;;;;;;;;;;;;;
1400269;;;;;;;الخيرات;1;;;;;;;;;;;;;;;;;;;;;;;;;;;;;
1400270;;;;;;;الرازي;1;;;;;;;;;;;;;;;;;;;;;;;;;;;;;
1400271;;;;;;;الارتقاء ( تربية خاصة );1;;;;;;;;;;;;;;;;;;;;;;;;;;;;;
1400272;;;;;;;التضامن;1;;;;;;;;;;;;;;;;;;;;;;;;;;;;;
1400273;;;;;;;المولد النبوي;1;;;;;;;;;;;;;;;;;;;;;;;;;;;;;
1400274;;;;;;;العراق الحر ( تربية خاصة );1;;;;;;;;;;;;;;;;;;;;;;;;;;;;;
1400275;;;;;;;الهلال الخصيب;1;;;;;;;;;;;;;;;;;;;;;;;;;;;;;
1400276;;;;;;;الهجـرة;1;;;;;;;;;;;;;;;;;;;;;;;;;;;;;
1400277;;;;;;;الفــــداء;1;;;;;;;;;;;;;;;;;;;;;;;;;;;;;
1400278;;;;;;;السراج المنير;1;;;;;;;;;;;;;;;;;;;;;;;;;;;;;
1400279;;;;;;;سعيد بن جبير;1;;;;;;;;;;;;;;;;;;;;;;;;;;;;;
1400280;;;;;;;فـــــدك;1;;;;;;;;;;;;;;;;;;;;;;;;;;;;;
1400281;;;;;;;الفتـــوة;1;;;;;;;;;;;;;;;;;;;;;;;;;;;;;
1400282;;;;;;;الشموخ;1;;;;;;;;;;;;;;;;;;;;;;;;;;;;;
1400283;;;;;;;المرتضى;1;;;;;;;;;;;;;;;;;;;;;;;;;;;;;
1400284;;;;;;;الربـــاب ( تربية خاصة );1;;;;;;;;;;;;;;;;;;;;;;;;;;;;;
1400285;;;;;;;ذو الفقار;1;;;;;;;;;;;;;;;;;;;;;;;;;;;;;
1400286;;;;;;;البتـــــول ( تربية خاصة );1;;;;;;;;;;;;;;;;;;;;;;;;;;;;;
1400287;;;;;;;زمـــــزم (قرض);1;;;;;;;;;;;;;;;;;;;;;;;;;;;;;
1400288;;;;;;;التوحيـــد;1;;;;;;;;;;;;;;;;;;;;;;;;;;;;;
1400289;;;;;;;عبد المطلب;1;;;;;;;;;;;;;;;;;;;;;;;;;;;;;
1400290;;;;;;;الاسوة الحسنة;1;;;;;;;;;;;;;;;;;;;;;;;;;;;;;
1400291;;;;;;;نسيبة الانصارية ( تربية خاصة );1;;;;;;;;;;;;;;;;;;;;;;;;;;;;;
1400292;;;;;;;الجنـــان;1;;;;;;;;;;;;;;;;;;;;;;;;;;;;;
1400293;;;;;;;ابراهيم الخليل ( تربية خاصة );1;;;;;;;;;;;;;;;;;;;;;;;;;;;;;
1400294;;;;;;;عبد الله بن رواحة;1;;;;;;;;;;;;;;;;;;;;;;;;;;;;;
1400295;;;;;;;ذات السلاسل;1;;;;;;;;;;;;;;;;;;;;;;;;;;;;;
1400296;;;;;;;الحق المبين;1;;;;;;;;;;;;;;;;;;;;;;;;;;;;;
1400297;;;;;;;الشـــرف;1;;;;;;;;;;;;;;;;;;;;;;;;;;;;;
1400298;;;;;;;الامام الرضا ( تربية خاصة );1;;;;;;;;;;;;;;;;;;;;;;;;;;;;;
1400299;;;;;;;اليعقوبي;1;;;;;;;;;;;;;;;;;;;;;;;;;;;;;
1400300;;;;;;;الدوحــة;1;;;;;;;;;;;;;;;;;;;;;;;;;;;;;
1400301;;;;;;;الرفــــاه;1;;;;;;;;;;;;;;;;;;;;;;;;;;;;;
1400302;;;;;;;حجر بن عدي;1;;;;;;;;;;;;;;;;;;;;;;;;;;;;;
1400303;;;;;;;جعفر بن ابي طالب;1;;;;;;;;;;;;;;;;;;;;;;;;;;;;;
1400304;;;;;;;مصعب بن عمير;1;;;;;;;;;;;;;;;;;;;;;;;;;;;;;
1400305;;;;;;;السلف الصالح ( تربية خاصة );1;;;;;;;;;;;;;;;;;;;;;;;;;;;;;
1400306;;;;;;;الوعد الحق;1;;;;;;;;;;;;;;;;;;;;;;;;;;;;;
1400307;;;;;;;موسى بن نصير;1;;;;;;;;;;;;;;;;;;;;;;;;;;;;;
1400308;;;;;;;قبــــاء;1;;;;;;;;;;;;;;;;;;;;;;;;;;;;;
1400309;;;;;;;بلاط الشهداء;1;;;;;;;;;;;;;;;;;;;;;;;;;;;;;
1400310;;;;;;;ام القرى;1;;;;;;;;;;;;;;;;;;;;;;;;;;;;;
1400311;;;;;;;النهرين;1;;;;;;;;;;;;;;;;;;;;;;;;;;;;;
1400312;;;;;;;علي الاكبر ( تربية خاصة );1;;;;;;;;;;;;;;;;;;;;;;;;;;;;;
1400313;;;;;;;الامام زين العابدين ( تربية خاصة );1;;;;;;;;;;;;;;;;;;;;;;;;;;;;;
1400314;;;;;;;الامام المنتظر;1;;;;;;;;;;;;;;;;;;;;;;;;;;;;;
1400315;;;;;;;الامام الباقر ( تربية خاصة );1;;;;;;;;;;;;;;;;;;;;;;;;;;;;;
1400316;;;;;;;القاســم;1;;;;;;;;;;;;;;;;;;;;;;;;;;;;;
1400317;;;;;;;جابر الانصاري;1;;;;;;;;;;;;;;;;;;;;;;;;;;;;;
1400318;;;;;;;الكـــوثر;1;;;;;;;;;;;;;;;;;;;;;;;;;;;;;
1400319;;;;;;;الطوسي;1;;;;;;;;;;;;;;;;;;;;;;;;;;;;;
1400320;;;;;;;البيـــان;1;;;;;;;;;;;;;;;;;;;;;;;;;;;;;
1400321;;;;;;;سبـــــأ;1;;;;;;;;;;;;;;;;;;;;;;;;;;;;;
1400322;;;;;;;صيـــدا;1;;;;;;;;;;;;;;;;;;;;;;;;;;;;;
1400323;;;;;;;الرحبة;1;;;;;;;;;;;;;;;;;;;;;;;;;;;;;
1400324;;;;;;;الكاظمي;1;;;;;;;;;;;;;;;;;;;;;;;;;;;;;
1400325;;;;;;;الاصمعي;1;;;;;;;;;;;;;;;;;;;;;;;;;;;;;
1400326;;;;;;;غرناطــة;1;;;;;;;;;;;;;;;;;;;;;;;;;;;;;
1400327;;;;;;;الفجر الجديد;1;;;;;;;;;;;;;;;;;;;;;;;;;;;;;
1400328;;;;;;;الشموس;1;;;;;;;;;;;;;;;;;;;;;;;;;;;;;
1400329;;;;;;;الأنـــوار;1;;;;;;;;;;;;;;;;;;;;;;;;;;;;;
1400330;;;;;;;الجيل الجديد;1;;;;;;;;;;;;;;;;;;;;;;;;;;;;;
1400331;;;;;;;المعـــالي;1;;;;;;;;;;;;;;;;;;;;;;;;;;;;;
1400332;;;;;;;محمد تقي الخوئي;1;;;;;;;;;;;;;;;;;;;;;;;;;;;;;
1400333;;;;;;;الحبــوبي;1;;;;;;;;;;;;;;;;;;;;;;;;;;;;;
1400334;;;;;;;النجـــوم;1;;;;;;;;;;;;;;;;;;;;;;;;;;;;;
1400335;;;;;;;مريم العذراء;1;;;;;;;;;;;;;;;;;;;;;;;;;;;;;
1400336;;;;;;;الشبكـــة الاساسية;1;;;;;;;;;;;;;;;;;;;;;;;;;;;;;
1400337;;;;;;;ابن حيان;2;;;;;;;;;;;;;;;;;;;;;;;;;;;;;
1400338;;;;;;;الكوفة العقيلية ( تربية خاصة );2;;;;;;;;;;;;;;;;;;;;;;;;;;;;;
1400339;;;;;;;المختارية;2;;;;;;;;;;;;;;;;;;;;;;;;;;;;;
1400340;;;;;;;السهيليــة;2;;;;;;;;;;;;;;;;;;;;;;;;;;;;;
1400341;;;;;;;هاني بن عروة;2;;;;;;;;;;;;;;;;;;;;;;;;;;;;;
1400342;;;;;;;الكميــت;2;;;;;;;;;;;;;;;;;;;;;;;;;;;;;
1400343;;;;;;;الكميليــة;2;;;;;;;;;;;;;;;;;;;;;;;;;;;;;
1400344;;;;;;;بلال الحبشي;2;;;;;;;;;;;;;;;;;;;;;;;;;;;;;
1400345;;;;;;;عمار بن ياسر;2;;;;;;;;;;;;;;;;;;;;;;;;;;;;;
1400346;;;;;;;المتنبــي;2;;;;;;;;;;;;;;;;;;;;;;;;;;;;;
1400347;;;;;;;المقداد;2;;;;;;;;;;;;;;;;;;;;;;;;;;;;;
1400348;;;;;;;المصطفى الأساسية;2;;;;;;;;;;;;;;;;;;;;;;;;;;;;;
1400349;;;;;;;الصحابة;2;;;;;;;;;;;;;;;;;;;;;;;;;;;;;
1400350;;;;;;;كنــــدة;2;;;;;;;;;;;;;;;;;;;;;;;;;;;;;
1400351;;;;;;;الاهرام;2;;;;;;;;;;;;;;;;;;;;;;;;;;;;;
1400352;;;;;;;الرافدين;2;;;;;;;;;;;;;;;;;;;;;;;;;;;;;
1400353;;;;;;;الشهيد الصباغ;2;;;;;;;;;;;;;;;;;;;;;;;;;;;;;
1400354;;;;;;;الضفاف;2;;;;;;;;;;;;;;;;;;;;;;;;;;;;;
1400355;;;;;;;طرابلس;2;;;;;;;;;;;;;;;;;;;;;;;;;;;;;
1400356;;;;;;;القسطل;1;;;;;;;;;;;;;;;;;;;;;;;;;;;;;
1400357;;;;;;;مسلم بن عقيل;2;;;;;;;;;;;;;;;;;;;;;;;;;;;;;
1400358;;;;;;;الفاطمية;2;;;;;;;;;;;;;;;;;;;;;;;;;;;;;
1400359;;;;;;;الحكمة;2;;;;;;;;;;;;;;;;;;;;;;;;;;;;;
1400360;;;;;;;ال البيت ( تربية خاصة );2;;;;;;;;;;;;;;;;;;;;;;;;;;;;;
1400361;;;;;;;ذات النطاقين ( تربية خاصة );2;;;;;;;;;;;;;;;;;;;;;;;;;;;;;
1400362;;;;;;;البويب;2;;;;;;;;;;;;;;;;;;;;;;;;;;;;;
1400363;;;;;;;اور;2;;;;;;;;;;;;;;;;;;;;;;;;;;;;;
1400364;;;;;;;السجود;2;;;;;;;;;;;;;;;;;;;;;;;;;;;;;
1400365;;;;;;;السويس;2;;;;;;;;;;;;;;;;;;;;;;;;;;;;;
1400366;;;;;;;خديجة;2;;;;;;;;;;;;;;;;;;;;;;;;;;;;;
1400367;;;;;;;الازدهار ( تربية خاصة );2;;;;;;;;;;;;;;;;;;;;;;;;;;;;;
1400368;;;;;;;الاسكندرونة;2;;;;;;;;;;;;;;;;;;;;;;;;;;;;;
1400369;;;;;;;الانعــام;2;;;;;;;;;;;;;;;;;;;;;;;;;;;;;
1400370;;;;;;;سينـــاء;2;;;;;;;;;;;;;;;;;;;;;;;;;;;;;
1400371;;;;;;;تل الزعتر;2;;;;;;;;;;;;;;;;;;;;;;;;;;;;;
1400372;;;;;;;المناهل ( تربية خاصة );2;;;;;;;;;;;;;;;;;;;;;;;;;;;;;
1400373;;;;;;;ام سلمة ( تربية خاصة );2;;;;;;;;;;;;;;;;;;;;;;;;;;;;;
1400374;;;;;;;نابلـــس;2;;;;;;;;;;;;;;;;;;;;;;;;;;;;;
1400375;;;;;;;المثنـــى;2;;;;;;;;;;;;;;;;;;;;;;;;;;;;;
1400376;;;;;;;ميســــان;2;;;;;;;;;;;;;;;;;;;;;;;;;;;;;
1400377;;;;;;;السيـــاب ( تربية خاصة );2;;;;;;;;;;;;;;;;;;;;;;;;;;;;;
1400378;;;;;;;المزدلفة;2;;;;;;;;;;;;;;;;;;;;;;;;;;;;;
1400379;;;;;;;الاخلاص ( تربية خاصة );2;;;;;;;;;;;;;;;;;;;;;;;;;;;;;
1400380;;;;;;;عرفـــات ( تربية خاصة );2;;;;;;;;;;;;;;;;;;;;;;;;;;;;;
1400381;;;;;;;الصفا والمروة;2;;;;;;;;;;;;;;;;;;;;;;;;;;;;;
1400382;;;;;;;البيت العتيق;2;;;;;;;;;;;;;;;;;;;;;;;;;;;;;
1400383;;;;;;;مكة المكرمة ( تربية خاصة );2;;;;;;;;;;;;;;;;;;;;;;;;;;;;;
1400384;;;;;;;المؤمنات ( تربية خاصة );2;;;;;;;;;;;;;;;;;;;;;;;;;;;;;
1400385;;;;;;;بنت الهدى;2;;;;;;;;;;;;;;;;;;;;;;;;;;;;;
1400386;;;;;;;النعيـــم;2;;;;;;;;;;;;;;;;;;;;;;;;;;;;;
1400387;;;;;;;السبطين ( تربية خاصة );2;;;;;;;;;;;;;;;;;;;;;;;;;;;;;
1400388;;;;;;;رشيد الهجري;2;;;;;;;;;;;;;;;;;;;;;;;;;;;;;
1400389;;;;;;;البقيـــع;2;;;;;;;;;;;;;;;;;;;;;;;;;;;;;
1400390;;;;;;;بطلة كربلاء;2;;;;;;;;;;;;;;;;;;;;;;;;;;;;;
1400391;;;;;;;المهـــدي;2;;;;;;;;;;;;;;;;;;;;;;;;;;;;;
1400392;;;;;;;ميثم التمار;2;;;;;;;;;;;;;;;;;;;;;;;;;;;;;
1400393;;;;;;;العروة الوثقى;2;;;;;;;;;;;;;;;;;;;;;;;;;;;;;
1400394;;;;;;;الطالبية (التربية الخاصة);2;;;;;;;;;;;;;;;;;;;;;;;;;;;;;
1400395;;;;;;;طوعة المرادية;2;;;;;;;;;;;;;;;;;;;;;;;;;;;;;
1400396;;;;;;;الامام موسى بن جعفر;2;;;;;;;;;;;;;;;;;;;;;;;;;;;;;
1400397;;;;;;;العباس بن عبد المطلب;2;;;;;;;;;;;;;;;;;;;;;;;;;;;;;
1400398;;;;;;;طيبـــة;2;;;;;;;;;;;;;;;;;;;;;;;;;;;;;
1400399;;;;;;;جنات النعيم;2;;;;;;;;;;;;;;;;;;;;;;;;;;;;;
1400400;;;;;;;بطل خيبر;2;;;;;;;;;;;;;;;;;;;;;;;;;;;;;
1400401;;;;;;;ابن بطوطة;2;;;;;;;;;;;;;;;;;;;;;;;;;;;;;
1400402;;;;;;;الرقــــة;2;;;;;;;;;;;;;;;;;;;;;;;;;;;;;
1400403;;;;;;;مسلم بن عوسجة;2;;;;;;;;;;;;;;;;;;;;;;;;;;;;;
1400404;;;;;;;الفرقدين;2;;;;;;;;;;;;;;;;;;;;;;;;;;;;;
1400405;;;;;;;الفـــواطم;2;;;;;;;;;;;;;;;;;;;;;;;;;;;;;
1400406;;;;;;;المتقيـــن ( تربية خاصة );2;;;;;;;;;;;;;;;;;;;;;;;;;;;;;
1400407;;;;;;;الاسماء الحسنى;2;;;;;;;;;;;;;;;;;;;;;;;;;;;;;
1400408;;;;;;;سلسبيل ( تربية خاصة );2;;;;;;;;;;;;;;;;;;;;;;;;;;;;;
1400409;;;;;;;الميامين;2;;;;;;;;;;;;;;;;;;;;;;;;;;;;;
1400410;;;;;;;النبأ العظيم;2;;;;;;;;;;;;;;;;;;;;;;;;;;;;;
1400411;;;;;;;العباسية;2;;;;;;;;;;;;;;;;;;;;;;;;;;;;;
1400412;;;;;;;الفارابي;2;;;;;;;;;;;;;;;;;;;;;;;;;;;;;
1400413;;;;;;;الاحسان;2;;;;;;;;;;;;;;;;;;;;;;;;;;;;;
1400414;;;;;;;الخلـــود;2;;;;;;;;;;;;;;;;;;;;;;;;;;;;;
1400415;;;;;;;الافنـــان;2;;;;;;;;;;;;;;;;;;;;;;;;;;;;;
1400416;;;;;;;الجوادين;2;;;;;;;;;;;;;;;;;;;;;;;;;;;;;
1400417;;;;;;;المعـــري;2;;;;;;;;;;;;;;;;;;;;;;;;;;;;;
1400418;;;;;;;الادريسي;2;;;;;;;;;;;;;;;;;;;;;;;;;;;;;
1400419;;;;;;;اســـوان;2;;;;;;;;;;;;;;;;;;;;;;;;;;;;;
1400420;;;;;;;البحتري ( نقل الى العدل );2;;;;;;;;;;;;;;;;;;;;;;;;;;;;;
1400421;;;;;;;النيـــل;2;;;;;;;;;;;;;;;;;;;;;;;;;;;;;
1400422;;;;;;;امير المؤمنين;2;;;;;;;;;;;;;;;;;;;;;;;;;;;;;
1400423;;;;;;;ابن ماجد;2;;;;;;;;;;;;;;;;;;;;;;;;;;;;;
1400424;;;;;;;بور سعيد;2;;;;;;;;;;;;;;;;;;;;;;;;;;;;;
1400425;;;;;;;العـــدل;2;;;;;;;;;;;;;;;;;;;;;;;;;;;;;
1400426;;;;;;;الرصافي;2;;;;;;;;;;;;;;;;;;;;;;;;;;;;;
1400427;;;;;;;الحيـــاة;2;;;;;;;;;;;;;;;;;;;;;;;;;;;;;
1400428;;;;;;;المقاتل العربي;2;;;;;;;;;;;;;;;;;;;;;;;;;;;;;
1400429;;;;;;;بابــــل;2;;;;;;;;;;;;;;;;;;;;;;;;;;;;;
1400430;;;;;;;المكارم;2;;;;;;;;;;;;;;;;;;;;;;;;;;;;;
1400431;;;;;;;اسامــة بن زيد;2;;;;;;;;;;;;;;;;;;;;;;;;;;;;;
1400432;;;;;;;اجنادين;2;;;;;;;;;;;;;;;;;;;;;;;;;;;;;
1400433;;;;;;;الفراهيدي;2;;;;;;;;;;;;;;;;;;;;;;;;;;;;;
1400434;;;;;;;الاندلس;2;;;;;;;;;;;;;;;;;;;;;;;;;;;;;
1400435;;;;;;;الصمود ( نقل الى الفارابي );2;;;;;;;;;;;;;;;;;;;;;;;;;;;;;
1400436;;;;;;;القيروان;2;;;;;;;;;;;;;;;;;;;;;;;;;;;;;
1400437;;;;;;;الايثـــار;2;;;;;;;;;;;;;;;;;;;;;;;;;;;;;
1400438;;;;;;;زنوبيــا;2;;;;;;;;;;;;;;;;;;;;;;;;;;;;;
1400439;;;;;;;شط العرب;2;;;;;;;;;;;;;;;;;;;;;;;;;;;;;
1400440;;;;;;;الرارنجية;2;;;;;;;;;;;;;;;;;;;;;;;;;;;;;
1400441;;;;;;;الزوراء;2;;;;;;;;;;;;;;;;;;;;;;;;;;;;;
1400442;;;;;;;المفاخــر;2;;;;;;;;;;;;;;;;;;;;;;;;;;;;;
1400443;;;;;;;المشاعل;2;;;;;;;;;;;;;;;;;;;;;;;;;;;;;
1400444;;;;;;;ذات الصواري;2;;;;;;;;;;;;;;;;;;;;;;;;;;;;;
1400445;;;;;;;ظفـــار;2;;;;;;;;;;;;;;;;;;;;;;;;;;;;;
1400446;;;;;;;زرقاء اليمامة;2;;;;;;;;;;;;;;;;;;;;;;;;;;;;;
1400447;;;;;;;العلويين;2;;;;;;;;;;;;;;;;;;;;;;;;;;;;;
1400448;;;;;;;زينب بنت علي;2;;;;;;;;;;;;;;;;;;;;;;;;;;;;;
1400449;;;;;;;الرحمن;2;;;;;;;;;;;;;;;;;;;;;;;;;;;;;
1400450;;;;;;;شهيد المحراب;2;;;;;;;;;;;;;;;;;;;;;;;;;;;;;
1400451;;;;;;;ابن خلدون ( قرض );2;;;;;;;;;;;;;;;;;;;;;;;;;;;;;
1400452;;;;;;;الشماخية ( الإصلاح );2;;;;;;;;;;;;;;;;;;;;;;;;;;;;;
1400453;;;;;;;الغزالي;2;;;;;;;;;;;;;;;;;;;;;;;;;;;;;
1400454;;;;;;;الجماهير;2;;;;;;;;;;;;;;;;;;;;;;;;;;;;;
1400455;;;;;;;القنيطرة;2;;;;;;;;;;;;;;;;;;;;;;;;;;;;;
1400456;;;;;;;لبنان العربي;2;;;;;;;;;;;;;;;;;;;;;;;;;;;;;
1400457;;;;;;;ابن سينأ;2;;;;;;;;;;;;;;;;;;;;;;;;;;;;;
1400458;;;;;;;امنة بنت وهب;2;;;;;;;;;;;;;;;;;;;;;;;;;;;;;
1400459;;;;;;;قرطبة;2;;;;;;;;;;;;;;;;;;;;;;;;;;;;;
1400460;;;;;;;الغافقي;2;;;;;;;;;;;;;;;;;;;;;;;;;;;;;
1400461;;;;;;;المستقبل;2;;;;;;;;;;;;;;;;;;;;;;;;;;;;;
1400462;;;;;;;الشعـلة;2;;;;;;;;;;;;;;;;;;;;;;;;;;;;;
1400463;;;;;;;ابن رشد;2;;;;;;;;;;;;;;;;;;;;;;;;;;;;;
1400464;;;;;;;ام المؤمنين;2;;;;;;;;;;;;;;;;;;;;;;;;;;;;;
1400465;;;;;;;البصـرة;2;;;;;;;;;;;;;;;;;;;;;;;;;;;;;
1400466;;;;;;;الحــرية;2;;;;;;;;;;;;;;;;;;;;;;;;;;;;;
1400467;;;;;;;عمورية;4;;;;;;;;;;;;;;;;;;;;;;;;;;;;;
1400468;;;;;;;الثبـــات;4;;;;;;;;;;;;;;;;;;;;;;;;;;;;;
1400469;;;;;;;العــودة;4;;;;;;;;;;;;;;;;;;;;;;;;;;;;;
1400470;;;;;;;العزيمة;4;;;;;;;;;;;;;;;;;;;;;;;;;;;;;
1400471;;;;;;;العامــل;4;;;;;;;;;;;;;;;;;;;;;;;;;;;;;
1400472;;;;;;;البطحاء;4;;;;;;;;;;;;;;;;;;;;;;;;;;;;;
1400473;;;;;;;الثقافــة;4;;;;;;;;;;;;;;;;;;;;;;;;;;;;;
1400474;;;;;;;العريش;4;;;;;;;;;;;;;;;;;;;;;;;;;;;;;
1400475;;;;;;;التعاون;4;;;;;;;;;;;;;;;;;;;;;;;;;;;;;
1400476;;;;;;;فاطمة بنت اسد;4;;;;;;;;;;;;;;;;;;;;;;;;;;;;;
1400477;;;;;;;قـــريش;4;;;;;;;;;;;;;;;;;;;;;;;;;;;;;
1400478;;;;;;;الرملـــة;4;;;;;;;;;;;;;;;;;;;;;;;;;;;;;
1400479;;;;;;;الاقصى;4;;;;;;;;;;;;;;;;;;;;;;;;;;;;;
1400480;;;;;;;زيد بن علي;4;;;;;;;;;;;;;;;;;;;;;;;;;;;;;
1400481;;;;;;;م . الثريا;4;;;;;;;;;;;;;;;;;;;;;;;;;;;;;
1400482;;;;;;;ث . الشهداء ( سادس أدبي );4;;;;;;;;;;;;;;;;;;;;;;;;;;;;;
1400483;;;;;;;الاضواء;1;;;;;;;;;;;;;;;;;;;;;;;;;;;;;
1400485;;;;;;;الشــــام;1;;;;;;;;;;;;;;;;;;;;;;;;;;;;;
1400486;;;;;;;الروضتين;1;;;;;;;;;;;;;;;;;;;;;;;;;;;;;
1400487;;;;;;;الاسكندرية;1;;;;;;;;;;;;;;;;;;;;;;;;;;;;;
1400488;;;;;;;الرياض ( تربية خاصة );1;;;;;;;;;;;;;;;;;;;;;;;;;;;;;
1400489;;;;;;;الاوليـــاء;1;;;;;;;;;;;;;;;;;;;;;;;;;;;;;
1400490;;;;;;;الصفــوة;1;;;;;;;;;;;;;;;;;;;;;;;;;;;;;
1400491;;;;;;;الوفــــاق ( تربية خاصة );1;;;;;;;;;;;;;;;;;;;;;;;;;;;;;
1400492;;;;;;;المحبـــة;1;;;;;;;;;;;;;;;;;;;;;;;;;;;;;
1400493;;;;;;;كربلاء;1;;;;;;;;;;;;;;;;;;;;;;;;;;;;;
1400494;;;;;;;المنذرية;1;;;;;;;;;;;;;;;;;;;;;;;;;;;;;
1400495;;;;;;;محمد رضا الشبيبي;1;;;;;;;;;;;;;;;;;;;;;;;;;;;;;
1400496;;;;;;;الشرقـــي ( تربية خاصة );1;;;;;;;;;;;;;;;;;;;;;;;;;;;;;
1400497;;;;;;;الجامعــة;1;;;;;;;;;;;;;;;;;;;;;;;;;;;;;
1400498;;;;;;;طه الرسول;1;;;;;;;;;;;;;;;;;;;;;;;;;;;;;
1400499;;;;;;;السابقـــون;1;;;;;;;;;;;;;;;;;;;;;;;;;;;;;
1400500;;;;;;;الشهيد مهدي الحكيم;1;;;;;;;;;;;;;;;;;;;;;;;;;;;;;
1400501;;;;;;;خاتم الأنبياء;1;;;;;;;;;;;;;;;;;;;;;;;;;;;;;
1400502;;;;;;;المستجار;1;;;;;;;;;;;;;;;;;;;;;;;;;;;;;
1400503;;;;;;;الذكوات;1;;;;;;;;;;;;;;;;;;;;;;;;;;;;;
1400504;;;;;;;الحسن المجتبى;1;;;;;;;;;;;;;;;;;;;;;;;;;;;;;
1400505;;;;;;;سيد الشهداء;1;;;;;;;;;;;;;;;;;;;;;;;;;;;;;
1400506;;;;;;;إقـــــرأ;1;;;;;;;;;;;;;;;;;;;;;;;;;;;;;
1400507;;;;;;;انوار الصحراء;1;;;;;;;;;;;;;;;;;;;;;;;;;;;;;
1400508;;;;;;;شهداء جسر الائمة;1;;;;;;;;;;;;;;;;;;;;;;;;;;;;;
1400509;;;;;;;العراق الجديد;1;;;;;;;;;;;;;;;;;;;;;;;;;;;;;
1400510;;;;;;;النبي أيــــوب;1;;;;;;;;;;;;;;;;;;;;;;;;;;;;;
1400511;;;;;;;الغاضرية;1;;;;;;;;;;;;;;;;;;;;;;;;;;;;;
1400512;;;;;;;عابس الشاكري;1;;;;;;;;;;;;;;;;;;;;;;;;;;;;;
1400513;;;;;;;العلـــوية;2;;;;;;;;;;;;;;;;;;;;;;;;;;;;;
1400514;;;;;;;المدثر;1;;;;;;;;;;;;;;;;;;;;;;;;;;;;;
1400515;;;;;;;العباس بن علي;2;;;;;;;;;;;;;;;;;;;;;;;;;;;;;
1400516;;;;;;;الطـــف;2;;;;;;;;;;;;;;;;;;;;;;;;;;;;;
1400517;;;;;;;الانشراح;2;;;;;;;;;;;;;;;;;;;;;;;;;;;;;
1400518;;;;;;;نور الزهراء;2;;;;;;;;;;;;;;;;;;;;;;;;;;;;;
1400519;;;;;;;المناذرة;3;;;;;;;;;;;;;;;;;;;;;;;;;;;;;
1400520;;;;;;;الرسول;3;;;;;;;;;;;;;;;;;;;;;;;;;;;;;
1400521;;;;;;;الهـــدى;3;;;;;;;;;;;;;;;;;;;;;;;;;;;;;
1400522;;;;;;;رفـــح;3;;;;;;;;;;;;;;;;;;;;;;;;;;;;;
1400523;;;;;;;الحضر;3;;;;;;;;;;;;;;;;;;;;;;;;;;;;;
1400524;;;;;;;ابن زيدون;3;;;;;;;;;;;;;;;;;;;;;;;;;;;;;
1400525;;;;;;;الهاشميين;3;;;;;;;;;;;;;;;;;;;;;;;;;;;;;
1400526;;;;;;;الضيــاء ( تربية خاصة );3;;;;;;;;;;;;;;;;;;;;;;;;;;;;;
1400527;;;;;;;الحيــرة;3;;;;;;;;;;;;;;;;;;;;;;;;;;;;;
1400528;;;;;;;وادي العقيق;3;;;;;;;;;;;;;;;;;;;;;;;;;;;;;
1400529;;;;;;;الخورنق;4;;;;;;;;;;;;;;;;;;;;;;;;;;;;;
1400530;;;;;;;التسبيح;3;;;;;;;;;;;;;;;;;;;;;;;;;;;;;
1400531;;;;;;;النعمان;3;;;;;;;;;;;;;;;;;;;;;;;;;;;;;
1400532;;;;;;;الجواهري;3;;;;;;;;;;;;;;;;;;;;;;;;;;;;;
1400533;;;;;;;السلوك القويم;3;;;;;;;;;;;;;;;;;;;;;;;;;;;;;
1400534;;;;;;;ابطال الجولان;3;;;;;;;;;;;;;;;;;;;;;;;;;;;;;
1400535;;;;;;;التصميم;3;;;;;;;;;;;;;;;;;;;;;;;;;;;;;
1400536;;;;;;;المغرب العربي;3;;;;;;;;;;;;;;;;;;;;;;;;;;;;;
1400537;;;;;;;تونس;3;;;;;;;;;;;;;;;;;;;;;;;;;;;;;
1400538;;;;;;;النهوض;3;;;;;;;;;;;;;;;;;;;;;;;;;;;;;
1400539;;;;;;;عمر المختار;3;;;;;;;;;;;;;;;;;;;;;;;;;;;;;
1400540;;;;;;;الشمائل;3;;;;;;;;;;;;;;;;;;;;;;;;;;;;;
1400541;;;;;;;الخالصة;3;;;;;;;;;;;;;;;;;;;;;;;;;;;;;
1400542;;;;;;;المواهب;3;;;;;;;;;;;;;;;;;;;;;;;;;;;;;
1400543;;;;;;;سعــدى;3;;;;;;;;;;;;;;;;;;;;;;;;;;;;;
1400544;;;;;;;احـــد;3;;;;;;;;;;;;;;;;;;;;;;;;;;;;;
1400545;;;;;;;العطــاء;3;;;;;;;;;;;;;;;;;;;;;;;;;;;;;
1400546;;;;;;;عبد القادر الحسيني;1;;;;;;;;;;;;;;;;;;;;;;;;;;;;;
1400547;;;;;;;البطــولة;1;;;;;;;;;;;;;;;;;;;;;;;;;;;;;
1400548;;;;;;;المحمدية;3;;;;;;;;;;;;;;;;;;;;;;;;;;;;;
1400549;;;;;;;المعراج ( تربية خاصة );1;;;;;;;;;;;;;;;;;;;;;;;;;;;;;
1400550;;;;;;;ام كلثوم بنت الحسين ( تربية خاصة );3;;;;;;;;;;;;;;;;;;;;;;;;;;;;;
1400551;;;;;;;محمد رضا المظفر ( تربية خاصة );3;;;;;;;;;;;;;;;;;;;;;;;;;;;;;
1400552;;;;;;;غار حراء;3;;;;;;;;;;;;;;;;;;;;;;;;;;;;;
1400553;;;;;;;جزيرة العرب;3;;;;;;;;;;;;;;;;;;;;;;;;;;;;;
1400554;;;;;;;الخضراء;3;;;;;;;;;;;;;;;;;;;;;;;;;;;;;
1400555;;;;;;;الميثــاق;3;;;;;;;;;;;;;;;;;;;;;;;;;;;;;
1400556;;;;;;;مراكش;3;;;;;;;;;;;;;;;;;;;;;;;;;;;;;
1400557;;;;;;;السجاد;3;;;;;;;;;;;;;;;;;;;;;;;;;;;;;
1400561;;;;;;;اشور;4;;;;;;;;;;;;;;;;;;;;;;;;;;;;;
1400562;;;;;;;الوجدان;4;;;;;;;;;;;;;;;;;;;;;;;;;;;;;
1400563;;;;;;;العـــزة (التربية الخاصة);4;;;;;;;;;;;;;;;;;;;;;;;;;;;;;
1400564;;;;;;;الحديبية;4;;;;;;;;;;;;;;;;;;;;;;;;;;;;;
1400565;;;;;;;النجاح;4;;;;;;;;;;;;;;;;;;;;;;;;;;;;;
1400566;;;;;;;التأخي;4;;;;;;;;;;;;;;;;;;;;;;;;;;;;;
1400567;;;;;;;السعادة;4;;;;;;;;;;;;;;;;;;;;;;;;;;;;;
1400568;;;;;;;ثورة العشرين;4;;;;;;;;;;;;;;;;;;;;;;;;;;;;;
1400569;;;;;;;الخمائل;4;;;;;;;;;;;;;;;;;;;;;;;;;;;;;
1400570;;;;;;;النبـــوغ;4;;;;;;;;;;;;;;;;;;;;;;;;;;;;;
1400571;;;;;;;الشهيد راهي عبد الواحد;4;;;;;;;;;;;;;;;;;;;;;;;;;;;;;
1400572;;;;;;;النهروان;4;;;;;;;;;;;;;;;;;;;;;;;;;;;;;
1400573;;;;;;;جنيـــن;4;;;;;;;;;;;;;;;;;;;;;;;;;;;;;
1400574;;;;;;;الفضائل;4;;;;;;;;;;;;;;;;;;;;;;;;;;;;;
1400575;;;;;;;ابن الهيثم;4;;;;;;;;;;;;;;;;;;;;;;;;;;;;;
1400576;;;;;;;ابو تمام;4;;;;;;;;;;;;;;;;;;;;;;;;;;;;;
1400577;;;;;;;البشائر;4;;;;;;;;;;;;;;;;;;;;;;;;;;;;;
1400578;;;;;;;ابي فراس;4;;;;;;;;;;;;;;;;;;;;;;;;;;;;;
1400579;;;;;;;الذهب;4;;;;;;;;;;;;;;;;;;;;;;;;;;;;;
1400580;;;;;;;الحجاز;4;;;;;;;;;;;;;;;;;;;;;;;;;;;;;
1400581;;;;;;;الكسائي;4;;;;;;;;;;;;;;;;;;;;;;;;;;;;;
1400582;;;;;;;بيروت;4;;;;;;;;;;;;;;;;;;;;;;;;;;;;;
1400583;;;;;;;المدينة;4;;;;;;;;;;;;;;;;;;;;;;;;;;;;;
1400584;;;;;;;العرفان;4;;;;;;;;;;;;;;;;;;;;;;;;;;;;;
1400585;;;;;;;القبس ( تربية خاصة );4;;;;;;;;;;;;;;;;;;;;;;;;;;;;;
1400586;;;;;;;اليرموك;4;;;;;;;;;;;;;;;;;;;;;;;;;;;;;
1400587;;;;;;;الاسراء;4;;;;;;;;;;;;;;;;;;;;;;;;;;;;;
1400588;;;;;;;حليمة السعدية;4;;;;;;;;;;;;;;;;;;;;;;;;;;;;;
1400589;;;;;;;الهنـــاء;4;;;;;;;;;;;;;;;;;;;;;;;;;;;;;
1400590;;;;;;;السرور;4;;;;;;;;;;;;;;;;;;;;;;;;;;;;;
1400591;;;;;;;نجـــد;4;;;;;;;;;;;;;;;;;;;;;;;;;;;;;
1400592;;;;;;;سامراء;4;;;;;;;;;;;;;;;;;;;;;;;;;;;;;
1400593;;;;;;;الناصرة;4;;;;;;;;;;;;;;;;;;;;;;;;;;;;;
1400594;;;;;;;النشىء الجديد;4;;;;;;;;;;;;;;;;;;;;;;;;;;;;;
1400595;;;;;;;العدنانية;4;;;;;;;;;;;;;;;;;;;;;;;;;;;;;
1400596;;;;;;;زيد بن حارثة;4;;;;;;;;;;;;;;;;;;;;;;;;;;;;;
1400597;;;;;;;ابن الاثير ( تربية خاصة );4;;;;;;;;;;;;;;;;;;;;;;;;;;;;;
1400598;;;;;;;الامجاد;4;;;;;;;;;;;;;;;;;;;;;;;;;;;;;
1400599;;;;;;;المنـــار;4;;;;;;;;;;;;;;;;;;;;;;;;;;;;;
1400600;;;;;;;فاطمة الزهراء;4;;;;;;;;;;;;;;;;;;;;;;;;;;;;;
1400601;;;;;;;ام البنين;4;;;;;;;;;;;;;;;;;;;;;;;;;;;;;
1400602;;;;;;;نينـــوى;4;;;;;;;;;;;;;;;;;;;;;;;;;;;;;
1400603;;;;;;;الزهاوي;4;;;;;;;;;;;;;;;;;;;;;;;;;;;;;
1400604;;;;;;;محمد الدرة;4;;;;;;;;;;;;;;;;;;;;;;;;;;;;;
1400605;;;;;;;الفاروق;4;;;;;;;;;;;;;;;;;;;;;;;;;;;;;
1400606;;;;;;;الامـــل;4;;;;;;;;;;;;;;;;;;;;;;;;;;;;;
1400607;;;;;;;حسان بن ثابت;4;;;;;;;;;;;;;;;;;;;;;;;;;;;;;
1400608;;;;;;;الخندق;4;;;;;;;;;;;;;;;;;;;;;;;;;;;;;
1400609;;;;;;;الامام الجواد;4;;;;;;;;;;;;;;;;;;;;;;;;;;;;;
1400610;;;;;;;الشورى;4;;;;;;;;;;;;;;;;;;;;;;;;;;;;;
1400611;;;;;;;الياسرية;4;;;;;;;;;;;;;;;;;;;;;;;;;;;;;
1400612;;;;;;;البلاغة;4;;;;;;;;;;;;;;;;;;;;;;;;;;;;;
1400613;;;;;;;حطيــن ( تربية خاصة );4;;;;;;;;;;;;;;;;;;;;;;;;;;;;;
1400614;;;;;;;النصــر;4;;;;;;;;;;;;;;;;;;;;;;;;;;;;;
1400615;;;;;;;النسر العربي;4;;;;;;;;;;;;;;;;;;;;;;;;;;;;;
1400616;;;;;;;الثقـليـن;4;;;;;;;;;;;;;;;;;;;;;;;;;;;;;
1400617;;;;;;;الجهــاد;4;;;;;;;;;;;;;;;;;;;;;;;;;;;;;
1400618;;;;;;;القادسية;4;;;;;;;;;;;;;;;;;;;;;;;;;;;;;
1400619;;;;;;;الامام العسكري;4;;;;;;;;;;;;;;;;;;;;;;;;;;;;;
1400620;;;;;;;يافـــــا;4;;;;;;;;;;;;;;;;;;;;;;;;;;;;;
1400621;;;;;;;الدار البيضاء;4;;;;;;;;;;;;;;;;;;;;;;;;;;;;;
1400622;;;;;;;غــــزة;4;;;;;;;;;;;;;;;;;;;;;;;;;;;;;
1400623;;;;;;;ليلة القدر;4;;;;;;;;;;;;;;;;;;;;;;;;;;;;;
1400624;;;;;;;دير ياسين;4;;;;;;;;;;;;;;;;;;;;;;;;;;;;;
1400625;;;;;;;الانفـــال;4;;;;;;;;;;;;;;;;;;;;;;;;;;;;;
1400626;;;;;;;الثــــوار;4;;;;;;;;;;;;;;;;;;;;;;;;;;;;;
1400627;;;;;;;عبد الصاحب دخيل ( تربية خاصة );2;;;;;;;;;;;;;;;;;;;;;;;;;;;;;
1400628;;;;;;;براثــــا;2;;;;;;;;;;;;;;;;;;;;;;;;;;;;;
1400629;;;;;;;إعدادية الغدير المهنية المسائية;1;;;;;;;;;;;;;;;;;;;;;;;;;;;;;
1400630;;;;;;;ث . اكد;2;;;;;;;;;;;;;;;;;;;;;;;;;;;;;
1400631;;;;;;;ع . الكوفة  ( مركزية - علمي );2;;;;;;;;;;;;;;;;;;;;;;;;;;;;;
1400632;;;;;;;الرائـــد ( تربية خاصة );2;;;;;;;;;;;;;;;;;;;;;;;;;;;;;
1400633;;;;;;;محمد بن الحسن المثنى;2;;;;;;;;;;;;;;;;;;;;;;;;;;;;;
1400634;;;;;;;زهير بن القين;2;;;;;;;;;;;;;;;;;;;;;;;;;;;;;
1400635;;;;;;;الناصرية;2;;;;;;;;;;;;;;;;;;;;;;;;;;;;;
1400636;;;;;;;جنة المعلى ( التربية الخاصة );2;;;;;;;;;;;;;;;;;;;;;;;;;;;;;
1400637;;;;;;;اركان الكعبة;3;;;;;;;;;;;;;;;;;;;;;;;;;;;;;
1400638;;;;;;;المشرق العربي;3;;;;;;;;;;;;;;;;;;;;;;;;;;;;;
1400639;;;;;;;احمد الوائلي ( تربية خاصة );3;;;;;;;;;;;;;;;;;;;;;;;;;;;;;
1400640;;;;;;;البركات;3;;;;;;;;;;;;;;;;;;;;;;;;;;;;;
1400643;;;;;;;الفيحــاء;4;;;;;;;;;;;;;;;;;;;;;;;;;;;;;
1400644;;;;;;;الســؤدد;4;;;;;;;;;;;;;;;;;;;;;;;;;;;;;
1400646;;;;;;;الافـــاق;4;;;;;;;;;;;;;;;;;;;;;;;;;;;;;
1400648;;;;;;;ع . اسماء بنت عميس;1;;;;;;;;;;;;;;;;;;;;;;;;;;;;;
1400649;;;;;;;ث . حذيفة بن اليمان;1;;;;;;;;;;;;;;;;;;;;;;;;;;;;;
1400650;;;;;;;م . وادي الرافدين;1;;;;;;;;;;;;;;;;;;;;;;;;;;;;;
1400651;;;;;;;م . 15 شعبان ( قرض);1;;;;;;;;;;;;;;;;;;;;;;;;;;;;;
1400652;;;;;;;ع . نور الحسين ( سادس ادبي );1;;;;;;;;;;;;;;;;;;;;;;;;;;;;;
1400653;;;;;;;ث . الضحى;1;;;;;;;;;;;;;;;;;;;;;;;;;;;;;
1400654;;;;;;;م . القانتات;1;;;;;;;;;;;;;;;;;;;;;;;;;;;;;
1400655;;;;;;;م . الشهيد مهدي العطار;1;;;;;;;;;;;;;;;;;;;;;;;;;;;;;
1400656;;;;;;;ع . الحامدات ( سادس ادبي );1;;;;;;;;;;;;;;;;;;;;;;;;;;;;;
1400657;;;;;;;م . ضيوف الرحمن;1;;;;;;;;;;;;;;;;;;;;;;;;;;;;;
1400658;;;;;;;م . الشهيد عادل ناصر;2;;;;;;;;;;;;;;;;;;;;;;;;;;;;;
1400659;;;;;;;ع . الشهيد ماجد البدراوي ( سادس ادبي );2;;;;;;;;;;;;;;;;;;;;;;;;;;;;;
1400661;;;;;;;م . الشهيد مضر الجنابي;2;;;;;;;;;;;;;;;;;;;;;;;;;;;;;
1400662;;;;;;;ث . السهلة;2;;;;;;;;;;;;;;;;;;;;;;;;;;;;;
1400663;;;;;;;ع . الشهيد عباس كاظم مراد;2;;;;;;;;;;;;;;;;;;;;;;;;;;;;;
1400664;;;;;;;م . دجلة;2;;;;;;;;;;;;;;;;;;;;;;;;;;;;;
1400665;;;;;;;م . عثمان علي العبيدي;2;;;;;;;;;;;;;;;;;;;;;;;;;;;;;
1400666;;;;;;;ث . السيرة النبوية;2;;;;;;;;;;;;;;;;;;;;;;;;;;;;;
1400667;;;;;;;م . الوهابي;2;;;;;;;;;;;;;;;;;;;;;;;;;;;;;
1400668;;;;;;;م . يحيى بن زيد;2;;;;;;;;;;;;;;;;;;;;;;;;;;;;;
1400669;;;;;;;م . يعسوب الدين;2;;;;;;;;;;;;;;;;;;;;;;;;;;;;;
1400670;;;;;;;ع . مروج الذهب;2;;;;;;;;;;;;;;;;;;;;;;;;;;;;;
1400671;;;;;;;ث . الاصلاح;2;;;;;;;;;;;;;;;;;;;;;;;;;;;;;
1400672;;;;;;;م . الشهيد خضير جاسم العارضي;2;;;;;;;;;;;;;;;;;;;;;;;;;;;;;
1400674;;;;;;;م . المشهد الشريف;3;;;;;;;;;;;;;;;;;;;;;;;;;;;;;
1400675;;;;;;;ث . الصالحين ( سادس ادبي );3;;;;;;;;;;;;;;;;;;;;;;;;;;;;;
1400676;;;;;;;م . شهداء مؤته;3;;;;;;;;;;;;;;;;;;;;;;;;;;;;;
1400677;;;;;;;م . الحيرة;3;;;;;;;;;;;;;;;;;;;;;;;;;;;;;
1400678;;;;;;;م . شهداء الكاظمية;3;;;;;;;;;;;;;;;;;;;;;;;;;;;;;
1400679;;;;;;;م . جمانة بنت ابي طالب;4;;;;;;;;;;;;;;;;;;;;;;;;;;;;;
1400680;;;;;;;م . بطل العلقمي;4;;;;;;;;;;;;;;;;;;;;;;;;;;;;;
1400681;;;;;;;م . السيد الحميري;4;;;;;;;;;;;;;;;;;;;;;;;;;;;;;
1400682;;;;;;;الشهيد مؤمل الصدر;1;;;;;;;;;;;;;;;;;;;;;;;;;;;;;
1400683;;;;;;;البلد الأمين;1;;;;;;;;;;;;;;;;;;;;;;;;;;;;;
1400684;;;;;;;الولاية ( تربية خاصة );1;;;;;;;;;;;;;;;;;;;;;;;;;;;;;
1400685;;;;;;;ناشئة الليل ( تربية خاصة );1;;;;;;;;;;;;;;;;;;;;;;;;;;;;;
1400686;;;;;;;الشهيد جواد شبر;1;;;;;;;;;;;;;;;;;;;;;;;;;;;;;
1400688;;;;;;;الخشوع لليافعين;1;;;;;;;;;;;;;;;;;;;;;;;;;;;;;
1400689;;;;;;;الشهيد مصطفى الصدر;1;;;;;;;;;;;;;;;;;;;;;;;;;;;;;
1400690;;;;;;;سفينة النجاة;2;;;;;;;;;;;;;;;;;;;;;;;;;;;;;
1400691;;;;;;;اللؤلؤ المنثور ( تربية خاصة );2;;;;;;;;;;;;;;;;;;;;;;;;;;;;;
1400692;;;;;;;البهـــاء;2;;;;;;;;;;;;;;;;;;;;;;;;;;;;;
1400693;;;;;;;الطـــور;2;;;;;;;;;;;;;;;;;;;;;;;;;;;;;
1400694;;;;;;;الشهيد عارف البصري;2;;;;;;;;;;;;;;;;;;;;;;;;;;;;;
1400695;;;;;;;الخاشعين;2;;;;;;;;;;;;;;;;;;;;;;;;;;;;;
1400696;;;;;;;العقيــدة;2;;;;;;;;;;;;;;;;;;;;;;;;;;;;;
1400698;;;;;;;الغســق;3;;;;;;;;;;;;;;;;;;;;;;;;;;;;;
1400699;;;;;;;الاخـــاء;4;;;;;;;;;;;;;;;;;;;;;;;;;;;;;
1400700;;;;;;;م . ذي النفس الزكية;1;;;;;;;;;;;;;;;;;;;;;;;;;;;;;
1400701;;;;;;;ث . الشفق;1;;;;;;;;;;;;;;;;;;;;;;;;;;;;;
1400702;;;;;;;ع . هل أتى ( سادس ادبي );1;;;;;;;;;;;;;;;;;;;;;;;;;;;;;
1400703;;;;;;;م . الحطيم (قرض);1;;;;;;;;;;;;;;;;;;;;;;;;;;;;;
1400704;;;;;;;ث . مطلع الفجر;1;;;;;;;;;;;;;;;;;;;;;;;;;;;;;
1400706;;;;;;;ث . النجف الاشرف للمتميزات ( قرض);1;;;;;;;;;;;;;;;;;;;;;;;;;;;;;
1400707;;;;;;;ث . النجف الاشرف للمتميزين( قرض);1;;;;;;;;;;;;;;;;;;;;;;;;;;;;;
1400708;;;;;;;م . بين الحرمين;1;;;;;;;;;;;;;;;;;;;;;;;;;;;;;
1400709;;;;;;;م . القوارير;2;;;;;;;;;;;;;;;;;;;;;;;;;;;;;
1400710;;;;;;;م . الآمنين;2;;;;;;;;;;;;;;;;;;;;;;;;;;;;;
1400711;;;;;;;خير البرية;1;;;;;;;;;;;;;;;;;;;;;;;;;;;;;
1400712;;;;;;;الدعاء المستجاب ( تربية خاصة );1;;;;;;;;;;;;;;;;;;;;;;;;;;;;;
1400713;;;;;;;المباهلـــة;1;;;;;;;;;;;;;;;;;;;;;;;;;;;;;
1400714;;;;;;;م . الصحف الأولى;1;;;;;;;;;;;;;;;;;;;;;;;;;;;;;
1400715;;;;;;;م . صفية بنت عبد المطلب;4;;;;;;;;;;;;;;;;;;;;;;;;;;;;;
1400716;;;;;;;شمس الشموس;1;;;;;;;;;;;;;;;;;;;;;;;;;;;;;
1400717;;;;;;;الرضوية;1;;;;;;;;;;;;;;;;;;;;;;;;;;;;;
1400718;;;;;;;الشهيد علي الرماحي;2;;;;;;;;;;;;;;;;;;;;;;;;;;;;;
1400719;;;;;;;م . العابدات;2;;;;;;;;;;;;;;;;;;;;;;;;;;;;;
1400720;;;;;;;م . اوتاد الأرض;1;;;;;;;;;;;;;;;;;;;;;;;;;;;;;
1400721;;;;;;;عبود غفلة ( تربية خاصة );1;;;;;;;;;;;;;;;;;;;;;;;;;;;;;
1400722;;;;;;;شيبة الحمد;2;;;;;;;;;;;;;;;;;;;;;;;;;;;;;
1400723;;;;;;;عدنان زوين;1;;;;;;;;;;;;;;;;;;;;;;;;;;;;;
1400724;;;;;;;مدينة العلم;1;;;;;;;;;;;;;;;;;;;;;;;;;;;;;
1400725;;;;;;;الأقمار المنيرة;1;;;;;;;;;;;;;;;;;;;;;;;;;;;;;
1400726;;;;;;;أعلام الدين;1;;;;;;;;;;;;;;;;;;;;;;;;;;;;;
1400727;;;;;;;البيت المعمور;1;;;;;;;;;;;;;;;;;;;;;;;;;;;;;
1400728;;;;;;;النبراس;1;;;;;;;;;;;;;;;;;;;;;;;;;;;;;
1400729;;;;;;;أم أبيها;1;;;;;;;;;;;;;;;;;;;;;;;;;;;;;
1400730;;;;;;;الرحيق;2;;;;;;;;;;;;;;;;;;;;;;;;;;;;;
1400731;;;;;;;الوادي المقدس;2;;;;;;;;;;;;;;;;;;;;;;;;;;;;;
1400732;;;;;;;زنة العرش;2;;;;;;;;;;;;;;;;;;;;;;;;;;;;;
1400733;;;;;;;الأزل;2;;;;;;;;;;;;;;;;;;;;;;;;;;;;;
1400734;;;;;;;البقعة المباركة;3;;;;;;;;;;;;;;;;;;;;;;;;;;;;;
1400736;;;;;;;الأنجم الزاهرة;4;;;;;;;;;;;;;;;;;;;;;;;;;;;;;
1400737;;;;;;;الطارق;4;;;;;;;;;;;;;;;;;;;;;;;;;;;;;
1400738;;;;;;;الشهب الثاقبة;2;;;;;;;;;;;;;;;;;;;;;;;;;;;;;
1400739;;;;;;;الرواسي;4;;;;;;;;;;;;;;;;;;;;;;;;;;;;;
1400740;;;;;;;ث . الشهيد عز الدين سليم ( سادس علمي );1;;;;;;;;;;;;;;;;;;;;;;;;;;;;;
1400742;;;;;;;الشهيد صاحب العامري;3;;;;;;;;;;;;;;;;;;;;;;;;;;;;;
1400743;;;;;;;م . مرج البحرين;2;;;;;;;;;;;;;;;;;;;;;;;;;;;;;
1400744;;;;;;;الأطـــايب ( تربية خاصة );1;;;;;;;;;;;;;;;;;;;;;;;;;;;;;
1400745;;;;;;;م . المسجد النبوي;2;;;;;;;;;;;;;;;;;;;;;;;;;;;;;
1400746;;;;;;;م . عمود الدين;2;;;;;;;;;;;;;;;;;;;;;;;;;;;;;
1400747;;;;;;;المغفــــرة;1;;;;;;;;;;;;;;;;;;;;;;;;;;;;;
1400748;;;;;;;الاعتمـــاد ( تربية خاصة );1;;;;;;;;;;;;;;;;;;;;;;;;;;;;;
1400749;;;;;;;الأطهار;1;;;;;;;;;;;;;;;;;;;;;;;;;;;;;
1400750;;;;;;;الوارثين;2;;;;;;;;;;;;;;;;;;;;;;;;;;;;;
1400751;;;;;;;م . آدم;2;;;;;;;;;;;;;;;;;;;;;;;;;;;;;
1400752;;;;;;;ع  .سدرة المنتهى ( مركزية - علمي و ادبي );1;;;;;;;;;;;;;;;;;;;;;;;;;;;;;
1400753;;;;;;;مدرسة الموهوبين في النجف ( سادس علمي );1;;;;;;;;;;;;;;;;;;;;;;;;;;;;;
1400755;;;;;;;م . السمات;2;;;;;;;;;;;;;;;;;;;;;;;;;;;;;
1400756;;;;;;;الحور العين;1;;;;;;;;;;;;;;;;;;;;;;;;;;;;;
1400757;;;;;;;الصحـــوة;1;;;;;;;;;;;;;;;;;;;;;;;;;;;;;
1400758;;;;;;;الابتهـــاج;1;;;;;;;;;;;;;;;;;;;;;;;;;;;;;
1400759;;;;;;;اسود الرافدين;1;;;;;;;;;;;;;;;;;;;;;;;;;;;;;
1400760;;;;;;;العسل;1;;;;;;;;;;;;;;;;;;;;;;;;;;;;;
1400761;;;;;;;حــــــواء;1;;;;;;;;;;;;;;;;;;;;;;;;;;;;;
1400762;;;;;;;الحواريون;1;;;;;;;;;;;;;;;;;;;;;;;;;;;;;
1400763;;;;;;;القائـــــم;1;;;;;;;;;;;;;;;;;;;;;;;;;;;;;
1400764;;;;;;;البيـــداء;2;;;;;;;;;;;;;;;;;;;;;;;;;;;;;
1400766;;;;;;;هاجر;2;;;;;;;;;;;;;;;;;;;;;;;;;;;;;
1400767;;;;;;;رايات الحق;2;;;;;;;;;;;;;;;;;;;;;;;;;;;;;
1400768;;;;;;;ث . الازهر الشريف;2;;;;;;;;;;;;;;;;;;;;;;;;;;;;;
1400769;;;;;;;م . سيد البلغاء;2;;;;;;;;;;;;;;;;;;;;;;;;;;;;;
1400770;;;;;;;ث . اركان الهدى;4;;;;;;;;;;;;;;;;;;;;;;;;;;;;;
1400773;;;;;;;عبد الله بن عباس;1;;;;;;;;;;;;;;;;;;;;;;;;;;;;;
1400774;;;;;;;جنة الزهراء;1;;;;;;;;;;;;;;;;;;;;;;;;;;;;;
1400775;;;;;;;ث . مهد الحضارات ( قرض);1;;;;;;;;;;;;;;;;;;;;;;;;;;;;;
1400776;;;;;;;ارض الانبياء ( تربية خاصة );1;;;;;;;;;;;;;;;;;;;;;;;;;;;;;
1400777;;;;;;;ع . الحدباء ( مركزية - علمي وادبي );2;;;;;;;;;;;;;;;;;;;;;;;;;;;;;
1400778;;;;;;;ث . المناجاة ( سادس أدبي );4;;;;;;;;;;;;;;;;;;;;;;;;;;;;;
1400779;;;;;;;زهرة الوادي;1;;;;;;;;;;;;;;;;;;;;;;;;;;;;;
1400780;;;;;;;البشير;1;;;;;;;;;;;;;;;;;;;;;;;;;;;;;
1400781;;;;;;;م . بلاد النهرين;1;;;;;;;;;;;;;;;;;;;;;;;;;;;;;
1400782;;;;;;;ع . الابتهال ( سادس ادبي );1;;;;;;;;;;;;;;;;;;;;;;;;;;;;;
1400783;;;;;;;م . البسملة;1;;;;;;;;;;;;;;;;;;;;;;;;;;;;;
1400784;;;;;;;ث . الصالحات;1;;;;;;;;;;;;;;;;;;;;;;;;;;;;;
1400785;;;;;;;الروافد;1;;;;;;;;;;;;;;;;;;;;;;;;;;;;;
1400787;;;;;;;ورقة بن نوفل;1;;;;;;;;;;;;;;;;;;;;;;;;;;;;;
1400788;;;;;;;الرميلة;4;;;;;;;;;;;;;;;;;;;;;;;;;;;;;
1400789;;;;;;;ث . ارض طوس المسائية;2;;;;;;;;;;;;;;;;;;;;;;;;;;;;;
1400790;;;;;;;ث . مصباح الرشاد المسائية ( سادس ادبي );1;;;;;;;;;;;;;;;;;;;;;;;;;;;;;
1400791;;;;;;;ث . المرجان;2;;;;;;;;;;;;;;;;;;;;;;;;;;;;;
1400792;;;;;;;م . الوداد;2;;;;;;;;;;;;;;;;;;;;;;;;;;;;;
1400793;;;;;;;ث . الحرية المسائية  ( سادس ادبي );2;;;;;;;;;;;;;;;;;;;;;;;;;;;;;
1400794;;;;;;;طيور الجنة;1;;;;;;;;;;;;;;;;;;;;;;;;;;;;;
1400795;;;;;;;ع . سيد الانام ( سادس ادبي );4;;;;;;;;;;;;;;;;;;;;;;;;;;;;;
1400796;;;;;;;ث.الشهيد فاضل ابو صيبع المسائية ( سادس علمي و ادبي );1;;;;;;;;;;;;;;;;;;;;;;;;;;;;;
1400797;;;;;;;ع . المشكاة;2;;;;;;;;;;;;;;;;;;;;;;;;;;;;;
1400798;;;;;;;ع . عبد الله بن عبد المطلب;2;;;;;;;;;;;;;;;;;;;;;;;;;;;;;
1400799;;;;;;;ع . اللوح المحفوظ ( سادس علمي وادبي );1;;;;;;;;;;;;;;;;;;;;;;;;;;;;;
1400800;;;;;;;ث . الفلك المسائية ( سادس ادبي );4;;;;;;;;;;;;;;;;;;;;;;;;;;;;;
1400801;;;;;;;ث . تدمر المسائية  ( سادس علمي وادبي );2;;;;;;;;;;;;;;;;;;;;;;;;;;;;;
1400802;;;;;;;الدر المكنون;2;;;;;;;;;;;;;;;;;;;;;;;;;;;;;
1400803;;;;;;;الوتر;1;;;;;;;;;;;;;;;;;;;;;;;;;;;;;
1400804;;;;;;;ث . الفيروز;2;;;;;;;;;;;;;;;;;;;;;;;;;;;;;
1400806;;;;;;;الزقورة;2;;;;;;;;;;;;;;;;;;;;;;;;;;;;;
1400807;;;;;;;ث . صوت الحق;1;;;;;;;;;;;;;;;;;;;;;;;;;;;;;
1400808;;;;;;;السنبلة;4;;;;;;;;;;;;;;;;;;;;;;;;;;;;;
1400809;;;;;;;شجرة النبوة;4;;;;;;;;;;;;;;;;;;;;;;;;;;;;;
1400810;;;;;;;الركن اليماني;1;;;;;;;;;;;;;;;;;;;;;;;;;;;;;
1400811;;;;;;;الجنائن المعلقة;1;;;;;;;;;;;;;;;;;;;;;;;;;;;;;
1400812;;;;;;;الحزام الاخضر;1;;;;;;;;;;;;;;;;;;;;;;;;;;;;;
1400813;;;;;;;السمو;1;;;;;;;;;;;;;;;;;;;;;;;;;;;;;
1400814;;;;;;;الكنز;1;;;;;;;;;;;;;;;;;;;;;;;;;;;;;
1400819;;;;;;;يثرب;1;;;;;;;;;;;;;;;;;;;;;;;;;;;;;
1400820;;;;;;;ث . العباسية المسائية  ( سادس علمي وادبي );2;;;;;;;;;;;;;;;;;;;;;;;;;;;;;
1400822;;;;;;;ث . السجايا الحسنة ( سادس علمي );4;;;;;;;;;;;;;;;;;;;;;;;;;;;;;
1400823;;;;;;;الشهيد عبد الزهرة السلامي;2;;;;;;;;;;;;;;;;;;;;;;;;;;;;;
1400824;;;;;;;المؤاخاة;2;;;;;;;;;;;;;;;;;;;;;;;;;;;;;
1400827;;;;;;;ندى القلوب;1;;;;;;;;;;;;;;;;;;;;;;;;;;;;;
1400828;;;;;;;ال ابراهيم;1;;;;;;;;;;;;;;;;;;;;;;;;;;;;;
1400829;;;;;;;الصديقة الطاهرة ( تربية خاصة );1;;;;;;;;;;;;;;;;;;;;;;;;;;;;;
1400830;;;;;;;الشريعة ( تربية خاصة );1;;;;;;;;;;;;;;;;;;;;;;;;;;;;;
1400831;;;;;;;ال ياسين;1;;;;;;;;;;;;;;;;;;;;;;;;;;;;;
1400832;;;;;;;ال عمران;1;;;;;;;;;;;;;;;;;;;;;;;;;;;;;
1400833;;;;;;;الفاضلات;1;;;;;;;;;;;;;;;;;;;;;;;;;;;;;
1400834;;;;;;;العهد ( تربية خاصة );1;;;;;;;;;;;;;;;;;;;;;;;;;;;;;
1400835;;;;;;;التقوى;1;;;;;;;;;;;;;;;;;;;;;;;;;;;;;
1400836;;;;;;;البينات;1;;;;;;;;;;;;;;;;;;;;;;;;;;;;;
1400837;;;;;;;العزية;1;;;;;;;;;;;;;;;;;;;;;;;;;;;;;
1400838;;;;;;;كفيلة الايتام;1;;;;;;;;;;;;;;;;;;;;;;;;;;;;;
1400839;;;;;;;دار العلم;1;;;;;;;;;;;;;;;;;;;;;;;;;;;;;
1400840;;;;;;;مكارم الاخلاق;1;;;;;;;;;;;;;;;;;;;;;;;;;;;;;
1400841;;;;;;;الليث الابيض;1;;;;;;;;;;;;;;;;;;;;;;;;;;;;;
1400842;;;;;;;القسيم;1;;;;;;;;;;;;;;;;;;;;;;;;;;;;;
1400843;;;;;;;فاطمة الكبرى;1;;;;;;;;;;;;;;;;;;;;;;;;;;;;;
1400844;;;;;;;سيد الوصيين;2;;;;;;;;;;;;;;;;;;;;;;;;;;;;;
1400845;;;;;;;خد العذراء;2;;;;;;;;;;;;;;;;;;;;;;;;;;;;;
1400846;;;;;;;الطيبات;2;;;;;;;;;;;;;;;;;;;;;;;;;;;;;
1400847;;;;;;;ابو صخير ( تربية خاصة );3;;;;;;;;;;;;;;;;;;;;;;;;;;;;;
1400848;;;;;;;الجوهرة;3;;;;;;;;;;;;;;;;;;;;;;;;;;;;;
1400849;;;;;;;القران الناطق;3;;;;;;;;;;;;;;;;;;;;;;;;;;;;;
1400850;;;;;;;جنة العسكريين;4;;;;;;;;;;;;;;;;;;;;;;;;;;;;;
1400851;;;;;;;الصراط المستقيم;4;;;;;;;;;;;;;;;;;;;;;;;;;;;;;
1400852;;;;;;;ع . الجزيرة;1;;;;;;;;;;;;;;;;;;;;;;;;;;;;;
1400856;;;;;;;م . القباب الذهبية;1;;;;;;;;;;;;;;;;;;;;;;;;;;;;;
1400857;;;;;;;ث . الموعظة;1;;;;;;;;;;;;;;;;;;;;;;;;;;;;;
1400858;;;;;;;م . ابن الهيثم;1;;;;;;;;;;;;;;;;;;;;;;;;;;;;;
1400859;;;;;;;م . زهرة الوادي;1;;;;;;;;;;;;;;;;;;;;;;;;;;;;;
1400860;;;;;;;م . الظلال;1;;;;;;;;;;;;;;;;;;;;;;;;;;;;;
1400861;;;;;;;ع . حسين علي محفوظ ( سادس علمي );1;;;;;;;;;;;;;;;;;;;;;;;;;;;;;
1400863;;;;;;;م . سعد بن عبادة;1;;;;;;;;;;;;;;;;;;;;;;;;;;;;;
1400865;;;;;;;م . جون المسائية;1;;;;;;;;;;;;;;;;;;;;;;;;;;;;;
1400866;;;;;;;ث . الشيخ علي الصغير;1;;;;;;;;;;;;;;;;;;;;;;;;;;;;;
1400867;;;;;;;ث . الدكتورمهدي المخزومي;1;;;;;;;;;;;;;;;;;;;;;;;;;;;;;
1400868;;;;;;;م . السيدة فضة;2;;;;;;;;;;;;;;;;;;;;;;;;;;;;;
1400869;;;;;;;م . المختار;2;;;;;;;;;;;;;;;;;;;;;;;;;;;;;
1400870;;;;;;;ع . الشهيد نعيم النفاخ ( سادس علمي وادبي );2;;;;;;;;;;;;;;;;;;;;;;;;;;;;;
1400871;;;;;;;م . العلامة الحلي;3;;;;;;;;;;;;;;;;;;;;;;;;;;;;;
1400872;;;;;;;ث . المعارف;3;;;;;;;;;;;;;;;;;;;;;;;;;;;;;
1400873;;;;;;;م . الزمردة;4;;;;;;;;;;;;;;;;;;;;;;;;;;;;;
1400876;;;;;;;ث . العراقية;2;;;;;;;;;;;;;;;;;;;;;;;;;;;;;
1400877;;;;;;;ال يعقوب;1;;;;;;;;;;;;;;;;;;;;;;;;;;;;;
1400878;;;;;;;المولى المقدس;1;;;;;;;;;;;;;;;;;;;;;;;;;;;;;
1400879;;;;;;;الصافات;1;;;;;;;;;;;;;;;;;;;;;;;;;;;;;
1400880;;;;;;;ابي طالب;1;;;;;;;;;;;;;;;;;;;;;;;;;;;;;
1400881;;;;;;;اسية بنت مزاحم;1;;;;;;;;;;;;;;;;;;;;;;;;;;;;;
1400882;;;;;;;حامل اللواء;2;;;;;;;;;;;;;;;;;;;;;;;;;;;;;
1400883;;;;;;;ريحانة الرسول;3;;;;;;;;;;;;;;;;;;;;;;;;;;;;;
1400884;;;;;;;شمس الولاية;4;;;;;;;;;;;;;;;;;;;;;;;;;;;;;
1400885;;;;;;;ث . شجرة الدر;1;;;;;;;;;;;;;;;;;;;;;;;;;;;;;
1400886;;;;;;;م . الدكتور علي جواد الطاهر;1;;;;;;;;;;;;;;;;;;;;;;;;;;;;;
1400887;;;;;;;م . الدكتور عبد الرزاق محي الدين;1;;;;;;;;;;;;;;;;;;;;;;;;;;;;;
1400888;;;;;;;م . نازك الملائكة;1;;;;;;;;;;;;;;;;;;;;;;;;;;;;;
1400889;;;;;;;ع . جواد سليم;1;;;;;;;;;;;;;;;;;;;;;;;;;;;;;
1400890;;;;;;;م .  بيت المقدس;1;;;;;;;;;;;;;;;;;;;;;;;;;;;;;
1400891;;;;;;;ع . الابراج ( سادس علمي وادبي );3;;;;;;;;;;;;;;;;;;;;;;;;;;;;;
1400892;;;;;;;م . احباب العراق;3;;;;;;;;;;;;;;;;;;;;;;;;;;;;;
1400894;;;;;;;ع . يوم الغدير;2;;;;;;;;;;;;;;;;;;;;;;;;;;;;;
1400895;;;;;;;م . عبد الله المحض;4;;;;;;;;;;;;;;;;;;;;;;;;;;;;;
1400896;;;;;;;الشهيد شاكر الكفائي;2;;;;;;;;;;;;;;;;;;;;;;;;;;;;;
1400897;;;;;;;الفائزين;2;;;;;;;;;;;;;;;;;;;;;;;;;;;;;
1400898;;;;;;;الشهيد محمد علي نصار;1;;;;;;;;;;;;;;;;;;;;;;;;;;;;;
1400899;;;;;;;دار المقامة;1;;;;;;;;;;;;;;;;;;;;;;;;;;;;;
1400907;;;;;;;منتدى النشر للبنين;1;;;;;;;;;;;;;;;;;;;;;;;;;;;;;
1400908;;;;;;;عبد الله الرضيع;1;;;;;;;;;;;;;;;;;;;;;;;;;;;;;
1400910;;;;;;;الأمام علي(ع) الأساسية للبنات;1;;;;;;;;;;;;;;;;;;;;;;;;;;;;;
1400911;;;;;;;الأمام علي(ع) الأساسية للبنين;1;;;;;;;;;;;;;;;;;;;;;;;;;;;;;
1400914;;;;;;;القرآنية النموذجية;1;;;;;;;;;;;;;;;;;;;;;;;;;;;;;
1400915;;;;;;;منتدى النشر للبنات;1;;;;;;;;;;;;;;;;;;;;;;;;;;;;;
1400916;;;;;;;ث.الامام علي بن ابي طالب(ع) للبنين;1;;;;;;;;;;;;;;;;;;;;;;;;;;;;;
1400917;;;;;;;ث.الامام علي بن ابي طالب(ع) للبنات;1;;;;;;;;;;;;;;;;;;;;;;;;;;;;;
1400918;;;;;;;دار الزهراء الاساسية للبنين;1;;;;;;;;;;;;;;;;;;;;;;;;;;;;;
1400919;;;;;;;دار الزهراء الاساسية للبنات;1;;;;;;;;;;;;;;;;;;;;;;;;;;;;;
1400920;;;;;;;العقيلة الاساسية للبنين;2;;;;;;;;;;;;;;;;;;;;;;;;;;;;;
1400921;;;;;;;العقيلة الاساسية للبنات;2;;;;;;;;;;;;;;;;;;;;;;;;;;;;;
1400922;;;;;;;ث . القاسم ( قرض );1;;;;;;;;;;;;;;;;;;;;;;;;;;;;;
1400923;;;;;;;ث . الرباب;1;;;;;;;;;;;;;;;;;;;;;;;;;;;;;
1400927;;;;;;;محمد جواد مغنية;1;;;;;;;;;;;;;;;;;;;;;;;;;;;;;
1400928;;;;;;;الخصال الحميدة;1;;;;;;;;;;;;;;;;;;;;;;;;;;;;;
1400929;;;;;;;سيف الحق;1;;;;;;;;;;;;;;;;;;;;;;;;;;;;;
1400930;;;;;;;كرماء العرب;1;;;;;;;;;;;;;;;;;;;;;;;;;;;;;
1400931;;;;;;;درة الشام;1;;;;;;;;;;;;;;;;;;;;;;;;;;;;;
1400932;;;;;;;زينة الحياة;1;;;;;;;;;;;;;;;;;;;;;;;;;;;;;
1400933;;;;;;;حاتم الطائي;1;;;;;;;;;;;;;;;;;;;;;;;;;;;;;
1400934;;;;;;;مصباح الهداية;2;;;;;;;;;;;;;;;;;;;;;;;;;;;;;
1400935;;;;;;;باب الحوائج;3;;;;;;;;;;;;;;;;;;;;;;;;;;;;;
1400936;;;;;;;الامام الموعود;4;;;;;;;;;;;;;;;;;;;;;;;;;;;;;
1400937;;;;;;;الحضارة;4;;;;;;;;;;;;;;;;;;;;;;;;;;;;;
1400938;;;;;;;م . الشيخ عبد الزهرة الكعبي;1;;;;;;;;;;;;;;;;;;;;;;;;;;;;;
1400939;;;;;;;م . الدكتور صالح الظالمي;1;;;;;;;;;;;;;;;;;;;;;;;;;;;;;
1400940;;;;;;;ع . الدكتور عناد غزوان ( سادس علمي );1;;;;;;;;;;;;;;;;;;;;;;;;;;;;;
1400941;;;;;;;م . عاصمة الثقافة;1;;;;;;;;;;;;;;;;;;;;;;;;;;;;;
1400942;;;;;;;ث . لواء الحمد;1;;;;;;;;;;;;;;;;;;;;;;;;;;;;;
1400943;;;;;;;ث . بضعة الرسول;1;;;;;;;;;;;;;;;;;;;;;;;;;;;;;
1400944;;;;;;;ع . الحيدرية ( مركزية علمي وادبي )(قرض);1;;;;;;;;;;;;;;;;;;;;;;;;;;;;;
1400945;;;;;;;م . الشهيد فلاح عبد الصاحب بلال;2;;;;;;;;;;;;;;;;;;;;;;;;;;;;;
1400946;;;;;;;ث . تحف العقول ( سادس علمي );2;;;;;;;;;;;;;;;;;;;;;;;;;;;;;
1400947;;;;;;;ع . الافتخار ( سادس ادبي );4;;;;;;;;;;;;;;;;;;;;;;;;;;;;;
1400948;;;;;;;م . جعفر الطيار;4;;;;;;;;;;;;;;;;;;;;;;;;;;;;;
1400953;;;;;;;;1;;;;;;;;;;;;;;;;;;;;;;;;;;;;;
1400955;;;;;;;الرسل;1;;;;;;;;;;;;;;;;;;;;;;;;;;;;;
1400956;;;;;;;غصن الزيتون (قرض);4;;;;;;;;;;;;;;;;;;;;;;;;;;;;;
1400957;;;;;;;م . الدكتور محمد حسين الاعرجي;1;;;;;;;;;;;;;;;;;;;;;;;;;;;;;
1400958;;;;;;;م . السجاد المسائية;1;;;;;;;;;;;;;;;;;;;;;;;;;;;;;
1400959;;;;;;;ث . الريف الزاهر;1;;;;;;;;;;;;;;;;;;;;;;;;;;;;;
1400960;;;;;;;الابتسامة;1;;;;;;;;;;;;;;;;;;;;;;;;;;;;;
1400962;;;;;;;الجواهر;1;;;;;;;;;;;;;;;;;;;;;;;;;;;;;
1400963;;;;;;;الذاريات;1;;;;;;;;;;;;;;;;;;;;;;;;;;;;;
1400964;;;;;;;الشهيد نزهان الجبوري;1;;;;;;;;;;;;;;;;;;;;;;;;;;;;;
1400965;;;;;;;التفوق;1;;;;;;;;;;;;;;;;;;;;;;;;;;;;;
1400966;;;;;;;الكعبة المشرفة;1;;;;;;;;;;;;;;;;;;;;;;;;;;;;;
1400967;;;;;;;الصادق الامين;4;;;;;;;;;;;;;;;;;;;;;;;;;;;;;
1400968;;;;;;;م . ام عمارة المسائية;1;;;;;;;;;;;;;;;;;;;;;;;;;;;;;
1400969;;;;;;;م . الشهيد ثابت عباس المواشي;2;;;;;;;;;;;;;;;;;;;;;;;;;;;;;
1400970;;;;;;;ث . اولاد الكاظم المسائية;3;;;;;;;;;;;;;;;;;;;;;;;;;;;;;
1400971;;;;;;;م . عقيل بن ابي طالب;4;;;;;;;;;;;;;;;;;;;;;;;;;;;;;
1400972;;;;;;;دار العلوم;1;;;;;;;;;;;;;;;;;;;;;;;;;;;;;
1400973;;;;;;;دار العلوم للبنات ( الغاء );1;;;;;;;;;;;;;;;;;;;;;;;;;;;;;
1400974;;;;;;;الانوار الأساسية;1;;;;;;;;;;;;;;;;;;;;;;;;;;;;;
1400975;;;;;;;الامير المختلطة;1;;;;;;;;;;;;;;;;;;;;;;;;;;;;;
1400976;;;;;;;البلال الاساسية للبنين ( رفع درجة الى ثانوية);2;;;;;;;;;;;;;;;;;;;;;;;;;;;;;
1400977;;;;;;;البلال المختلطة;2;;;;;;;;;;;;;;;;;;;;;;;;;;;;;
1400978;;;;;;;ث . المتنبي للبنين;1;;;;;;;;;;;;;;;;;;;;;;;;;;;;;
1400979;;;;;;;ث . المتنبي  للبنات;1;;;;;;;;;;;;;;;;;;;;;;;;;;;;;
1400981;;;;;;;ث . ايليا للبنين;1;;;;;;;;;;;;;;;;;;;;;;;;;;;;;
1400982;;;;;;;ث . عاصمة الثقافة;1;;;;;;;;;;;;;;;;;;;;;;;;;;;;;
1400984;;;;;;;ث . بانيقيا للبنين;1;;;;;;;;;;;;;;;;;;;;;;;;;;;;;
1400985;;;;;;;ث . بانيقيا للبنات;1;;;;;;;;;;;;;;;;;;;;;;;;;;;;;
1400986;;;;;;;ث . المؤمل;1;;;;;;;;;;;;;;;;;;;;;;;;;;;;;
1400987;;;;;;;ث . نور الهدى;1;;;;;;;;;;;;;;;;;;;;;;;;;;;;;
1400989;;;;;;;ث .العين;1;;;;;;;;;;;;;;;;;;;;;;;;;;;;;
1400991;;;;;;;م . بلال بن رباح;1;;;;;;;;;;;;;;;;;;;;;;;;;;;;;
1400992;;;;;;;الشهيد حامد شبر;1;;;;;;;;;;;;;;;;;;;;;;;;;;;;;
1400994;;;;;;;ذو الكفل;1;;;;;;;;;;;;;;;;;;;;;;;;;;;;;
1400995;;;;;;;ابي الاحرار;1;;;;;;;;;;;;;;;;;;;;;;;;;;;;;
1400997;;;;;;;البصائر;3;;;;;;;;;;;;;;;;;;;;;;;;;;;;;
1400998;;;;;;;السندباد;2;;;;;;;;;;;;;;;;;;;;;;;;;;;;;
1400999;;;;;;;المرسلات;1;;;;;;;;;;;;;;;;;;;;;;;;;;;;;
1401001;;;;;;;الام العراقية;1;;;;;;;;;;;;;;;;;;;;;;;;;;;;;
1401002;;;;;;;م . الثناء;1;;;;;;;;;;;;;;;;;;;;;;;;;;;;;
1401003;;;;;;;م . الشهيد شاكر الياسري;1;;;;;;;;;;;;;;;;;;;;;;;;;;;;;
1401004;;;;;;;حمائم السلام;1;;;;;;;;;;;;;;;;;;;;;;;;;;;;;
1401005;;;;;;;الشهيد حسن شحاته;1;;;;;;;;;;;;;;;;;;;;;;;;;;;;;
1401006;;;;;;;التسنيم;1;;;;;;;;;;;;;;;;;;;;;;;;;;;;;
1401007;;;;;;;السلام;1;;;;;;;;;;;;;;;;;;;;;;;;;;;;;
1401008;;;;;;;ثغر العراق ( تربية خاصة );1;;;;;;;;;;;;;;;;;;;;;;;;;;;;;
1401009;;;;;;;المآثر;1;;;;;;;;;;;;;;;;;;;;;;;;;;;;;
1401010;;;;;;;التشريق;1;;;;;;;;;;;;;;;;;;;;;;;;;;;;;
1401011;;;;;;;البشرى;1;;;;;;;;;;;;;;;;;;;;;;;;;;;;;
1401012;;;;;;;يوم التروية;1;;;;;;;;;;;;;;;;;;;;;;;;;;;;;
1401013;;;;;;;الذكر الحكيم;2;;;;;;;;;;;;;;;;;;;;;;;;;;;;;
1401014;;;;;;;زيد بن صوحان;2;;;;;;;;;;;;;;;;;;;;;;;;;;;;;
1401015;;;;;;;الديار المقدسة;3;;;;;;;;;;;;;;;;;;;;;;;;;;;;;
1401016;;;;;;;النجم الثاقب;4;;;;;;;;;;;;;;;;;;;;;;;;;;;;;
1401017;;;;;;;شريفة بنت الحسن;4;;;;;;;;;;;;;;;;;;;;;;;;;;;;;
1401018;;;;;;;م . الحسين بن روح;1;;;;;;;;;;;;;;;;;;;;;;;;;;;;;
1401019;;;;;;;م . عمار بن ياسر;1;;;;;;;;;;;;;;;;;;;;;;;;;;;;;
1401020;;;;;;;ث . نرجس;1;;;;;;;;;;;;;;;;;;;;;;;;;;;;;
1401021;;;;;;;ث . الغد المشرق;1;;;;;;;;;;;;;;;;;;;;;;;;;;;;;
1401022;;;;;;;ث . المسجد الاقصى ( سادس ادبي );1;;;;;;;;;;;;;;;;;;;;;;;;;;;;;
1401023;;;;;;;ث . الذاكرات;1;;;;;;;;;;;;;;;;;;;;;;;;;;;;;
1401024;;;;;;;ع . الذاكرين;1;;;;;;;;;;;;;;;;;;;;;;;;;;;;;
1401025;;;;;;;م . ناصر حسين العنكوشي;1;;;;;;;;;;;;;;;;;;;;;;;;;;;;;
1401026;;;;;;;م. ال ياسر ( سادس ادبي );1;;;;;;;;;;;;;;;;;;;;;;;;;;;;;
1401027;;;;;;;م . المنارة;1;;;;;;;;;;;;;;;;;;;;;;;;;;;;;
1401028;;;;;;;ث . عين الحياة المسائية;2;;;;;;;;;;;;;;;;;;;;;;;;;;;;;
1401030;;;;;;;ث . العدالة  ( سادس علمي );3;;;;;;;;;;;;;;;;;;;;;;;;;;;;;
1401031;;;;;;;ث . البدور الساطعة;1;;;;;;;;;;;;;;;;;;;;;;;;;;;;;
1401032;;;;;;;ث . الاصالة;3;;;;;;;;;;;;;;;;;;;;;;;;;;;;;
1401033;;;;;;;م . شقائق النعمان;3;;;;;;;;;;;;;;;;;;;;;;;;;;;;;
1401034;;;;;;;م . امل المستقبل;3;;;;;;;;;;;;;;;;;;;;;;;;;;;;;
1401035;;;;;;;ث . المساواة;4;;;;;;;;;;;;;;;;;;;;;;;;;;;;;
1401036;;;;;;;م . السيد جعفر بحر العلوم;4;;;;;;;;;;;;;;;;;;;;;;;;;;;;;
1401037;;;;;;;ع . الشيخ عبد الامير الفتلاوي ( سادس علمي وادبي );4;;;;;;;;;;;;;;;;;;;;;;;;;;;;;
1401038;;;;;;;م . الشيخ رحيم الحسناوي;4;;;;;;;;;;;;;;;;;;;;;;;;;;;;;
1401039;;;;;;;;1;;;;;;;;;;;;;;;;;;;;;;;;;;;;;
1401041;;;;;;;المتنبي للبنين;1;;;;;;;;;;;;;;;;;;;;;;;;;;;;;
1401042;;;;;;;المتنبي للبنات;1;;;;;;;;;;;;;;;;;;;;;;;;;;;;;
1401043;;;;;;;كنوز المعرفة المختلطة;1;;;;;;;;;;;;;;;;;;;;;;;;;;;;;
1401045;;;;;;;الاباء الاساسية للبنين (( تعليق2020/2021 ));1;;;;;;;;;;;;;;;;;;;;;;;;;;;;;
1401046;;;;;;;الاباء الاساسية للبنات (( تعليق ));1;;;;;;;;;;;;;;;;;;;;;;;;;;;;;
1401047;;;;;;;عاصمة الثقافة;1;;;;;;;;;;;;;;;;;;;;;;;;;;;;;
1401048;;;;;;;عاصمة الثقافة للبنات;1;;;;;;;;;;;;;;;;;;;;;;;;;;;;;
1401049;;;;;;;الضياء المختلطة;1;;;;;;;;;;;;;;;;;;;;;;;;;;;;;
1401050;;;;;;;الفرزدق;1;;;;;;;;;;;;;;;;;;;;;;;;;;;;;
1401051;;;;;;;بيت الحكمة المختلطة;1;;;;;;;;;;;;;;;;;;;;;;;;;;;;;
1401052;;;;;;;الحكمة الاساسية المختلطة;1;;;;;;;;;;;;;;;;;;;;;;;;;;;;;
1401053;;;;;;;ث . الجواهري المسائية;1;;;;;;;;;;;;;;;;;;;;;;;;;;;;;
1401054;;;;;;;ث . الاباء المسائية;1;;;;;;;;;;;;;;;;;;;;;;;;;;;;;
1401055;;;;;;;ث . الفرزدق;1;;;;;;;;;;;;;;;;;;;;;;;;;;;;;
1401056;;;;;;;ث . المستقبل;1;;;;;;;;;;;;;;;;;;;;;;;;;;;;;
1401058;;;;;;;ث . الياقوت;2;;;;;;;;;;;;;;;;;;;;;;;;;;;;;
1401059;;;;;;;ث . الرحمن;2;;;;;;;;;;;;;;;;;;;;;;;;;;;;;
1401061;;;;;;;ع . المنار للبنين;1;;;;;;;;;;;;;;;;;;;;;;;;;;;;;
1401062;;;;;;;ع . المنار للبنات;1;;;;;;;;;;;;;;;;;;;;;;;;;;;;;
1401064;;;;;;;ث . النجوم للبنين;2;;;;;;;;;;;;;;;;;;;;;;;;;;;;;
1401065;;;;;;;ث . النجوم للبنات;2;;;;;;;;;;;;;;;;;;;;;;;;;;;;;
1401066;;;;;;;الاعراف;1;;;;;;;;;;;;;;;;;;;;;;;;;;;;;
1401067;;;;;;;ع . صعصعة بن صوحان;2;;;;;;;;;;;;;;;;;;;;;;;;;;;;;
1401068;;;;;;;م . العباسية للبنات;2;;;;;;;;;;;;;;;;;;;;;;;;;;;;;
1401069;;;;;;;ث . الرواد للبنات;2;;;;;;;;;;;;;;;;;;;;;;;;;;;;;
1401070;;;;;;;اطفال المناذرة;3;;;;;;;;;;;;;;;;;;;;;;;;;;;;;
1401071;;;;;;;اطفال الدسم;3;;;;;;;;;;;;;;;;;;;;;;;;;;;;;
1401072;;;;;;;البنفسج;2;;;;;;;;;;;;;;;;;;;;;;;;;;;;;
1401073;;;;;;;ث . سيد الكائنات;1;;;;;;;;;;;;;;;;;;;;;;;;;;;;;
1401074;;;;;;;م . الشاكرات;1;;;;;;;;;;;;;;;;;;;;;;;;;;;;;
1401075;;;;;;;م . فاطر;1;;;;;;;;;;;;;;;;;;;;;;;;;;;;;
1401076;;;;;;;ث . الشاذروان;1;;;;;;;;;;;;;;;;;;;;;;;;;;;;;
1401077;;;;;;;ث . آمرلي;1;;;;;;;;;;;;;;;;;;;;;;;;;;;;;
1401079;;;;;;;م . مرزوك ال عواد;1;;;;;;;;;;;;;;;;;;;;;;;;;;;;;
1401080;;;;;;;ث . الجاف;1;;;;;;;;;;;;;;;;;;;;;;;;;;;;;
1401081;;;;;;;إعدادية النجف التجارية للبنين;1;;;;;;;;;;;;;;;;;;;;;;;;;;;;;
1401082;;;;;;;الودق;1;;;;;;;;;;;;;;;;;;;;;;;;;;;;;
1401083;;;;;;;المزمل;1;;;;;;;;;;;;;;;;;;;;;;;;;;;;;
1401084;;;;;;;المعارج;1;;;;;;;;;;;;;;;;;;;;;;;;;;;;;
1401085;;;;;;;الشهيد فيصل الزاملي;1;;;;;;;;;;;;;;;;;;;;;;;;;;;;;
1401086;;;;;;;الريحان;1;;;;;;;;;;;;;;;;;;;;;;;;;;;;;
1401087;;;;;;;جرف النصر;1;;;;;;;;;;;;;;;;;;;;;;;;;;;;;
1401088;;;;;;;تلعفر;1;;;;;;;;;;;;;;;;;;;;;;;;;;;;;
1401090;;;;;;;آمرلي;1;;;;;;;;;;;;;;;;;;;;;;;;;;;;;
1401091;;;;;;;النبي يونس;1;;;;;;;;;;;;;;;;;;;;;;;;;;;;;
1401092;;;;;;;السيد ابراهيم الغمر;2;;;;;;;;;;;;;;;;;;;;;;;;;;;;;
1401093;;;;;;;الميزان;2;;;;;;;;;;;;;;;;;;;;;;;;;;;;;
1401094;;;;;;;الحشد الشعبي;3;;;;;;;;;;;;;;;;;;;;;;;;;;;;;
1401095;;;;;;;الدرة البيضاء;3;;;;;;;;;;;;;;;;;;;;;;;;;;;;;
1401096;;;;;;;المسار ( تربية خاصة );3;;;;;;;;;;;;;;;;;;;;;;;;;;;;;
1401097;;;;;;;انوار الغري (نقل للمناذرة);3;;;;;;;;;;;;;;;;;;;;;;;;;;;;;
1401098;;;;;;;الجواهري;1;;;;;;;;;;;;;;;;;;;;;;;;;;;;;
1401099;;;;;;;كميل بن زياد الاساسية;1;;;;;;;;;;;;;;;;;;;;;;;;;;;;;
1401100;;;;;;;المنار للبنين;1;;;;;;;;;;;;;;;;;;;;;;;;;;;;;
1401101;;;;;;;المنار للبنات;1;;;;;;;;;;;;;;;;;;;;;;;;;;;;;
1401102;;;;;;;الجيل;1;;;;;;;;;;;;;;;;;;;;;;;;;;;;;
1401104;;;;;;;الانوار المحمدية;1;;;;;;;;;;;;;;;;;;;;;;;;;;;;;
1401106;;;;;;;ابن الهيثم المختلطة;1;;;;;;;;;;;;;;;;;;;;;;;;;;;;;
1401107;;;;;;;ايليا للبنين;1;;;;;;;;;;;;;;;;;;;;;;;;;;;;;
1401108;;;;;;;ايليا للبنات;1;;;;;;;;;;;;;;;;;;;;;;;;;;;;;
1401111;;;;;;;ث . الفراهيدي للبنين;1;;;;;;;;;;;;;;;;;;;;;;;;;;;;;
1401112;;;;;;;ث . الفراهيدي للبنات;1;;;;;;;;;;;;;;;;;;;;;;;;;;;;;
1401113;;;;;;;ث . الامين;3;;;;;;;;;;;;;;;;;;;;;;;;;;;;;
1401114;;;;;;;ث . ابن حيان للبنين;1;;;;;;;;;;;;;;;;;;;;;;;;;;;;;
1401115;;;;;;;ث . ابن الهيثم للبنين;1;;;;;;;;;;;;;;;;;;;;;;;;;;;;;
1401116;;;;;;;النخبة للبنات  غلق بامر وزاري 2024;1;;;;;;;;;;;;;;;;;;;;;;;;;;;;;
1401120;;;;;;;ث . الثقلين ( غلق );1;;;;;;;;;;;;;;;;;;;;;;;;;;;;;
1401121;;;;;;;العصافير;1;;;;;;;;;;;;;;;;;;;;;;;;;;;;;
1401122;;;;;;;رقية بنت الحسين;3;;;;;;;;;;;;;;;;;;;;;;;;;;;;;
1401123;;;;;;;الاديب كاظم شكر;1;;;;;;;;;;;;;;;;;;;;;;;;;;;;;
1401124;;;;;;;العاديات;1;;;;;;;;;;;;;;;;;;;;;;;;;;;;;
1401126;;;;;;;الريان;1;;;;;;;;;;;;;;;;;;;;;;;;;;;;;
1401127;;;;;;;الافاضة;1;;;;;;;;;;;;;;;;;;;;;;;;;;;;;
1401128;;;;;;;بشائر الخير;1;;;;;;;;;;;;;;;;;;;;;;;;;;;;;
1401129;;;;;;;مدينة الرسول;1;;;;;;;;;;;;;;;;;;;;;;;;;;;;;
1401130;;;;;;;الشهيد مثنى الكلابي;1;;;;;;;;;;;;;;;;;;;;;;;;;;;;;
1401131;;;;;;;النسمات;1;;;;;;;;;;;;;;;;;;;;;;;;;;;;;
1401132;;;;;;;ال طه;1;;;;;;;;;;;;;;;;;;;;;;;;;;;;;
1401133;;;;;;;المن والسلوى;1;;;;;;;;;;;;;;;;;;;;;;;;;;;;;
1401134;;;;;;;المرتجى;1;;;;;;;;;;;;;;;;;;;;;;;;;;;;;
1401135;;;;;;;الشهيد طالب عبيد الحدراوي;2;;;;;;;;;;;;;;;;;;;;;;;;;;;;;
1401136;;;;;;;انوار الامين;2;;;;;;;;;;;;;;;;;;;;;;;;;;;;;
1401137;;;;;;;الشهيد صلاح محمد رضا شربة;2;;;;;;;;;;;;;;;;;;;;;;;;;;;;;
1401138;;;;;;;حسين عبود الحسن;2;;;;;;;;;;;;;;;;;;;;;;;;;;;;;
1401139;;;;;;;الشهيد عبد الهادي عبود الجبوري;2;;;;;;;;;;;;;;;;;;;;;;;;;;;;;
1401140;;;;;;;ريحانة المصطفى;2;;;;;;;;;;;;;;;;;;;;;;;;;;;;;
1401141;;;;;;;الشهيد محسن كريم الطفيلي;2;;;;;;;;;;;;;;;;;;;;;;;;;;;;;
1401142;;;;;;;الشجاعة;1;;;;;;;;;;;;;;;;;;;;;;;;;;;;;
1401143;;;;;;;الشهيدة امية جبارة  ( تربية خاصة );1;;;;;;;;;;;;;;;;;;;;;;;;;;;;;
1401144;;;;;;;ام وهب;1;;;;;;;;;;;;;;;;;;;;;;;;;;;;;
1401145;;;;;;;بيت النبوة;1;;;;;;;;;;;;;;;;;;;;;;;;;;;;;
1401146;;;;;;;صاحب الحوض;1;;;;;;;;;;;;;;;;;;;;;;;;;;;;;
1401147;;;;;;;النبي البشير;4;;;;;;;;;;;;;;;;;;;;;;;;;;;;;
1401148;;;;;;;الجهاد الكفائي;4;;;;;;;;;;;;;;;;;;;;;;;;;;;;;
1401149;;;;;;;م . المسجد الحرام;1;;;;;;;;;;;;;;;;;;;;;;;;;;;;;
1401150;;;;;;;م . نور السموات;1;;;;;;;;;;;;;;;;;;;;;;;;;;;;;
1401151;;;;;;;م . الشهيد حسن موسى البديري;2;;;;;;;;;;;;;;;;;;;;;;;;;;;;;
1401152;;;;;;;م . الشهيد رضا البديري;2;;;;;;;;;;;;;;;;;;;;;;;;;;;;;
1401154;;;;;;;روضة النوارس البيضاء;1;;;;;;;;;;;;;;;;;;;;;;;;;;;;;
1401156;;;;;;;المظفر;1;;;;;;;;;;;;;;;;;;;;;;;;;;;;;
1401157;;;;;;;الغدير المختلطة;1;;;;;;;;;;;;;;;;;;;;;;;;;;;;;
1401158;;;;;;;الثقلين (غلق );1;;;;;;;;;;;;;;;;;;;;;;;;;;;;;
1401160;;;;;;;بانيقيا للبنين;1;;;;;;;;;;;;;;;;;;;;;;;;;;;;;
1401161;;;;;;;بانيقيا للبنات;1;;;;;;;;;;;;;;;;;;;;;;;;;;;;;
1401162;;;;;;;النوارس للبنين;1;;;;;;;;;;;;;;;;;;;;;;;;;;;;;
1401163;;;;;;;النوارس للبنات;1;;;;;;;;;;;;;;;;;;;;;;;;;;;;;
1401164;;;;;;;انوار الغدير الاساسية للبنين;1;;;;;;;;;;;;;;;;;;;;;;;;;;;;;
1401165;;;;;;;انوار الغدير الأساسية  للبنات;1;;;;;;;;;;;;;;;;;;;;;;;;;;;;;
1401166;;;;;;;الحوراء;1;;;;;;;;;;;;;;;;;;;;;;;;;;;;;
1401167;;;;;;;عبد الله بن الحسين (عليهما السلام );2;;;;;;;;;;;;;;;;;;;;;;;;;;;;;
1401168;;;;;;;فاطمة الزهراء ( عليها السلام );2;;;;;;;;;;;;;;;;;;;;;;;;;;;;;
1401169;;;;;;;الاندلس;3;;;;;;;;;;;;;;;;;;;;;;;;;;;;;
1401170;;;;;;;الامام الحسين ( عليه السلام ) للبنين;3;;;;;;;;;;;;;;;;;;;;;;;;;;;;;
1401172;;;;;;;ث . ايليا للبنات;1;;;;;;;;;;;;;;;;;;;;;;;;;;;;;
1401178;;;;;;;ث . القصواء للبنين;2;;;;;;;;;;;;;;;;;;;;;;;;;;;;;
1401179;;;;;;;القصواء;2;;;;;;;;;;;;;;;;;;;;;;;;;;;;;
1401180;;;;;;;ث . الكوثر;1;;;;;;;;;;;;;;;;;;;;;;;;;;;;;
1401181;;;;;;;ث . الاندلس للبنين;3;;;;;;;;;;;;;;;;;;;;;;;;;;;;;
1401182;;;;;;;ث . الاندلس للبنات;3;;;;;;;;;;;;;;;;;;;;;;;;;;;;;
1401183;;;;;;;ملائكة الرحمة;1;;;;;;;;;;;;;;;;;;;;;;;;;;;;;
1401185;;;;;;;انوار الحسن المجتبى;2;;;;;;;;;;;;;;;;;;;;;;;;;;;;;
1401186;;;;;;;تاج الدين;4;;;;;;;;;;;;;;;;;;;;;;;;;;;;;
1401187;;;;;;;الموصل الحرة;1;;;;;;;;;;;;;;;;;;;;;;;;;;;;;
1401188;;;;;;;المشعر الحرام;1;;;;;;;;;;;;;;;;;;;;;;;;;;;;;
1401189;;;;;;;سنجار;1;;;;;;;;;;;;;;;;;;;;;;;;;;;;;
1401190;;;;;;;الزاهدين;2;;;;;;;;;;;;;;;;;;;;;;;;;;;;;
1401192;;;;;;;الشهيد نمير الفتلاوي;3;;;;;;;;;;;;;;;;;;;;;;;;;;;;;
1401194;;;;;;;تنمية الذكاء ( تعليق );1;;;;;;;;;;;;;;;;;;;;;;;;;;;;;
1401195;;;;;;;السنافر;1;;;;;;;;;;;;;;;;;;;;;;;;;;;;;
1401196;;;;;;;البرهان;1;;;;;;;;;;;;;;;;;;;;;;;;;;;;;
1401197;;;;;;;الشريف الرضي;1;;;;;;;;;;;;;;;;;;;;;;;;;;;;;
1401198;;;;;;;المستقبل ( غلق );1;;;;;;;;;;;;;;;;;;;;;;;;;;;;;
1401199;;;;;;;الامام علي الهادي ( ع );1;;;;;;;;;;;;;;;;;;;;;;;;;;;;;
1401200;;;;;;;الامجاد;1;;;;;;;;;;;;;;;;;;;;;;;;;;;;;
1401201;;;;;;;الفرقان;1;;;;;;;;;;;;;;;;;;;;;;;;;;;;;
1401202;;;;;;;الادريسي;1;;;;;;;;;;;;;;;;;;;;;;;;;;;;;
1401203;;;;;;;صدى الحيدرية;1;;;;;;;;;;;;;;;;;;;;;;;;;;;;;
1401204;;;;;;;السبطين;2;;;;;;;;;;;;;;;;;;;;;;;;;;;;;
1401205;;;;;;;الطموح (القصواء للتعليم الاساسي);2;;;;;;;;;;;;;;;;;;;;;;;;;;;;;
1401206;;;;;;;المرتضى;2;;;;;;;;;;;;;;;;;;;;;;;;;;;;;
1401207;;;;;;;اقرا;4;;;;;;;;;;;;;;;;;;;;;;;;;;;;;
1401208;;;;;;;ث . القمة للبنين;1;;;;;;;;;;;;;;;;;;;;;;;;;;;;;
1401209;;;;;;;ث . القمة للبنات;1;;;;;;;;;;;;;;;;;;;;;;;;;;;;;
1401212;;;;;;;ع . دار الزهراء للبنين;1;;;;;;;;;;;;;;;;;;;;;;;;;;;;;
1401213;;;;;;;ع . دار الزهراء للبنات;1;;;;;;;;;;;;;;;;;;;;;;;;;;;;;
1401214;;;;;;;ث . صدى الحيدرية للبنين;1;;;;;;;;;;;;;;;;;;;;;;;;;;;;;
1401215;;;;;;;ث . باب العلم للبنين;2;;;;;;;;;;;;;;;;;;;;;;;;;;;;;
1401216;;;;;;;م . عمرو بن جنادة الانصاري;2;;;;;;;;;;;;;;;;;;;;;;;;;;;;;
1401217;;;;;;;م . شهداء الحرية;2;;;;;;;;;;;;;;;;;;;;;;;;;;;;;
1401218;;;;;;;ث . صدى الحيدرية للبنات;1;;;;;;;;;;;;;;;;;;;;;;;;;;;;;
1401219;;;;;;;ث. عطاء الكوفة;2;;;;;;;;;;;;;;;;;;;;;;;;;;;;;
1401220;;;;;;;إعدادية النجف المهنية للبنات(قرض);1;;;;;;;;;;;;;;;;;;;;;;;;;;;;;
1401221;;;;;;;بحار الانوار;1;;;;;;;;;;;;;;;;;;;;;;;;;;;;;
1401222;;;;;;;شهداء العباسية;2;;;;;;;;;;;;;;;;;;;;;;;;;;;;;
1401223;;;;;;;السيدة حكيمة;2;;;;;;;;;;;;;;;;;;;;;;;;;;;;;
1401224;;;;;;;الصادقين;1;;;;;;;;;;;;;;;;;;;;;;;;;;;;;
1401225;;;;;;;شهداء الرضوية;1;;;;;;;;;;;;;;;;;;;;;;;;;;;;;
1401226;;;;;;;م . راية النصر;1;;;;;;;;;;;;;;;;;;;;;;;;;;;;;
1401227;;;;;;;م . زها حديد ( قرض );1;;;;;;;;;;;;;;;;;;;;;;;;;;;;;
1401228;;;;;;;م . ام الكتاب;1;;;;;;;;;;;;;;;;;;;;;;;;;;;;;
1401229;;;;;;;ع . منعم عبد الزهرة شبر;2;;;;;;;;;;;;;;;;;;;;;;;;;;;;;
1401230;;;;;;;م . احفاد مالك الاشتر;2;;;;;;;;;;;;;;;;;;;;;;;;;;;;;
1401232;;;;;;;الغد;1;;;;;;;;;;;;;;;;;;;;;;;;;;;;;
1401233;;;;;;;براثا;1;;;;;;;;;;;;;;;;;;;;;;;;;;;;;
1401234;;;;;;;صافي صفا;1;;;;;;;;;;;;;;;;;;;;;;;;;;;;;
1401235;;;;;;;المختار;1;;;;;;;;;;;;;;;;;;;;;;;;;;;;;
1401236;;;;;;;زدني علماً;1;;;;;;;;;;;;;;;;;;;;;;;;;;;;;
1401237;;;;;;;باقر العلوم;1;;;;;;;;;;;;;;;;;;;;;;;;;;;;;
1401238;;;;;;;ذو الفقار;1;;;;;;;;;;;;;;;;;;;;;;;;;;;;;
1401239;;;;;;;انصار الامام الحسين(ع) الاساسية للبنين;1;;;;;;;;;;;;;;;;;;;;;;;;;;;;;
1401240;;;;;;;انصار الامام الحسين(ع) الاساسية للبنات;1;;;;;;;;;;;;;;;;;;;;;;;;;;;;;
1401241;;;;;;;قبس الغري;1;;;;;;;;;;;;;;;;;;;;;;;;;;;;;
1401242;;;;;;;منارة العلم;1;;;;;;;;;;;;;;;;;;;;;;;;;;;;;
1401243;;;;;;;بلاد الامير;1;;;;;;;;;;;;;;;;;;;;;;;;;;;;;
1401244;;;;;;;المهندسين;1;;;;;;;;;;;;;;;;;;;;;;;;;;;;;
1401246;;;;;;;الفراهيدي;1;;;;;;;;;;;;;;;;;;;;;;;;;;;;;
1401247;;;;;;;قطر الندى;1;;;;;;;;;;;;;;;;;;;;;;;;;;;;;
1401248;;;;;;;يوسف الصديق;1;;;;;;;;;;;;;;;;;;;;;;;;;;;;;
1401249;;;;;;;بيتي المختلطة;1;;;;;;;;;;;;;;;;;;;;;;;;;;;;;
1401250;;;;;;;ث . بيتي للبنات;1;;;;;;;;;;;;;;;;;;;;;;;;;;;;;
1401251;;;;;;;الشجرة الطيبة;1;;;;;;;;;;;;;;;;;;;;;;;;;;;;;
1401252;;;;;;;افاق العلم الاساسية;2;;;;;;;;;;;;;;;;;;;;;;;;;;;;;
1401253;;;;;;;الياسري;2;;;;;;;;;;;;;;;;;;;;;;;;;;;;;
1401254;;;;;;;الاوائل;2;;;;;;;;;;;;;;;;;;;;;;;;;;;;;
1401255;;;;;;;السفراء;2;;;;;;;;;;;;;;;;;;;;;;;;;;;;;
1401256;;;;;;;الافق الجديد;2;;;;;;;;;;;;;;;;;;;;;;;;;;;;;
1401257;;;;;;;كوفان;2;;;;;;;;;;;;;;;;;;;;;;;;;;;;;
1401258;;;;;;;الجنائن;2;;;;;;;;;;;;;;;;;;;;;;;;;;;;;
1401259;;;;;;;القلم;2;;;;;;;;;;;;;;;;;;;;;;;;;;;;;
1401260;;;;;;;سما النجف;2;;;;;;;;;;;;;;;;;;;;;;;;;;;;;
1401261;;;;;;;ريحانة المصطفى;2;;;;;;;;;;;;;;;;;;;;;;;;;;;;;
1401262;;;;;;;الفلق;3;;;;;;;;;;;;;;;;;;;;;;;;;;;;;
1401263;;;;;;;ث . براثا للبنن;1;;;;;;;;;;;;;;;;;;;;;;;;;;;;;
1401264;;;;;;;ث . براثا للبنات;1;;;;;;;;;;;;;;;;;;;;;;;;;;;;;
1401265;;;;;;;ث. طريق الجنة للبنين;1;;;;;;;;;;;;;;;;;;;;;;;;;;;;;
1401266;;;;;;;ث . السماح ( تعليق );1;;;;;;;;;;;;;;;;;;;;;;;;;;;;;
1401267;;;;;;;ث . القصواء المسائية للبنين;1;;;;;;;;;;;;;;;;;;;;;;;;;;;;;
1401268;;;;;;;ث . الرؤيا;1;;;;;;;;;;;;;;;;;;;;;;;;;;;;;
1401269;;;;;;;العين;1;;;;;;;;;;;;;;;;;;;;;;;;;;;;;
1401270;;;;;;;الشهيد ابو تحسين الصالحي;1;;;;;;;;;;;;;;;;;;;;;;;;;;;;;
1401271;;;;;;;عطاء النجف للبنين;1;;;;;;;;;;;;;;;;;;;;;;;;;;;;;
1401272;;;;;;;عطاء النجف للبنات;1;;;;;;;;;;;;;;;;;;;;;;;;;;;;;
1401273;;;;;;;ث . ينابيع الرحمة  ( سادس علمي );3;;;;;;;;;;;;;;;;;;;;;;;;;;;;;
1401274;;;;;;;ث . الواقعة;4;;;;;;;;;;;;;;;;;;;;;;;;;;;;;
1401275;;;;;;;سما;1;;;;;;;;;;;;;;;;;;;;;;;;;;;;;
1401276;;;;;;;احفاد حاتم الطائي;1;;;;;;;;;;;;;;;;;;;;;;;;;;;;;
1401277;;;;;;;الوارث;1;;;;;;;;;;;;;;;;;;;;;;;;;;;;;
1401279;;;;;;;اليقين;1;;;;;;;;;;;;;;;;;;;;;;;;;;;;;
1401280;;;;;;;الصفا;1;;;;;;;;;;;;;;;;;;;;;;;;;;;;;
1401281;;;;;;;عطر الجنة;1;;;;;;;;;;;;;;;;;;;;;;;;;;;;;
1401282;;;;;;;ث . انوار المستقبل للبنين;2;;;;;;;;;;;;;;;;;;;;;;;;;;;;;
1401283;;;;;;;ث . انوار المستقبل للبنات;2;;;;;;;;;;;;;;;;;;;;;;;;;;;;;
1401284;;;;;;;العاصمة الاساسية;2;;;;;;;;;;;;;;;;;;;;;;;;;;;;;
1401285;;;;;;;سما بغداد الاساسية;2;;;;;;;;;;;;;;;;;;;;;;;;;;;;;
1401286;;;;;;;الامناء;2;;;;;;;;;;;;;;;;;;;;;;;;;;;;;
1401287;;;;;;;ايات الرحمن الاساسية للبنين;2;;;;;;;;;;;;;;;;;;;;;;;;;;;;;
1401288;;;;;;;العلمين;2;;;;;;;;;;;;;;;;;;;;;;;;;;;;;
1401289;;;;;;;الاريج;2;;;;;;;;;;;;;;;;;;;;;;;;;;;;;
1401290;;;;;;;الميسم;1;;;;;;;;;;;;;;;;;;;;;;;;;;;;;
1401291;;;;;;;علي بن يقطين الأساسية للبنين;1;;;;;;;;;;;;;;;;;;;;;;;;;;;;;
1401292;;;;;;;الكمال;1;;;;;;;;;;;;;;;;;;;;;;;;;;;;;
1401295;;;;;;;الشهيد كريم الخاقاني;1;;;;;;;;;;;;;;;;;;;;;;;;;;;;;
1401296;;;;;;;القرطاس;2;;;;;;;;;;;;;;;;;;;;;;;;;;;;;
1401297;;;;;;;حمائم السلام;2;;;;;;;;;;;;;;;;;;;;;;;;;;;;;
1401298;;;;;;;آيسن;1;;;;;;;;;;;;;;;;;;;;;;;;;;;;;
1401300;;;;;;;انوار الضياء الخيرية;1;;;;;;;;;;;;;;;;;;;;;;;;;;;;;
1401303;;;;;;;احباب المرتضى;1;;;;;;;;;;;;;;;;;;;;;;;;;;;;;
1401304;;;;;;;ث . الحسنات;1;;;;;;;;;;;;;;;;;;;;;;;;;;;;;
1401305;;;;;;;م . القلم ( تعليق );2;;;;;;;;;;;;;;;;;;;;;;;;;;;;;
1401306;;;;;;;راعي الاصلاح;2;;;;;;;;;;;;;;;;;;;;;;;;;;;;;
1401307;;;;;;;الرؤية الاساسية;2;;;;;;;;;;;;;;;;;;;;;;;;;;;;;
1401308;;;;;;;الرحاب;1;;;;;;;;;;;;;;;;;;;;;;;;;;;;;
1401309;;;;;;;تنمية وتطوير للتعليم الاساسي للبنين;1;;;;;;;;;;;;;;;;;;;;;;;;;;;;;
1401310;;;;;;;تنمية وتطوير للتعليم الاساسي للبنات;1;;;;;;;;;;;;;;;;;;;;;;;;;;;;;
1401311;;;;;;;قنبر;1;;;;;;;;;;;;;;;;;;;;;;;;;;;;;
1401312;;;;;;;فاطمة الصغرى;1;;;;;;;;;;;;;;;;;;;;;;;;;;;;;
1401314;;;;;;;الوئام;1;;;;;;;;;;;;;;;;;;;;;;;;;;;;;
1401315;;;;;;;ع . القادسية للبنين ( سادس علمي وادبي );4;;;;;;;;;;;;;;;;;;;;;;;;;;;;;
1401316;;;;;;;م . ريحانة المصطفى للبنين;2;;;;;;;;;;;;;;;;;;;;;;;;;;;;;
1401317;;;;;;;ث . ريحانة المصطفى للبنات;1;;;;;;;;;;;;;;;;;;;;;;;;;;;;;
1401318;;;;;;;كفيلة الايتام (( لم يصدر كتابها )) / تعليق;1;;;;;;;;;;;;;;;;;;;;;;;;;;;;;
1401319;;;;;;;انوار المرتضى;2;;;;;;;;;;;;;;;;;;;;;;;;;;;;;
1401320;;;;;;;ث . المرتضى للبنين;2;;;;;;;;;;;;;;;;;;;;;;;;;;;;;
1401321;;;;;;;ث . العلا للبنات ( المرتضى سابقا );2;;;;;;;;;;;;;;;;;;;;;;;;;;;;;
1401322;;;;;;;احباب المرتضى;1;;;;;;;;;;;;;;;;;;;;;;;;;;;;;
1401323;;;;;;;الاعتدال;3;;;;;;;;;;;;;;;;;;;;;;;;;;;;;
1401324;;;;;;;شموس الغري (( تعليق ));1;;;;;;;;;;;;;;;;;;;;;;;;;;;;;
1401325;;;;;;;الف باء للبنين;1;;;;;;;;;;;;;;;;;;;;;;;;;;;;;
1401326;;;;;;;الف باء للبنات;1;;;;;;;;;;;;;;;;;;;;;;;;;;;;;
1401327;;;;;;;الفهد;2;;;;;;;;;;;;;;;;;;;;;;;;;;;;;
1401328;;;;;;;ث. الفرقان للبنين;1;;;;;;;;;;;;;;;;;;;;;;;;;;;;;
1401329;;;;;;;السفير الاساسية;2;;;;;;;;;;;;;;;;;;;;;;;;;;;;;
1401330;;;;;;;نور السفير الاساسية;2;;;;;;;;;;;;;;;;;;;;;;;;;;;;;
1401331;;;;;;;التراث للبنين;2;;;;;;;;;;;;;;;;;;;;;;;;;;;;;
1401332;;;;;;;التراث للبنات;2;;;;;;;;;;;;;;;;;;;;;;;;;;;;;
1401333;;;;;;;الورود;1;;;;;;;;;;;;;;;;;;;;;;;;;;;;;
1401334;;;;;;;ث . الخالد;1;;;;;;;;;;;;;;;;;;;;;;;;;;;;;
1401335;;;;;;;علي بن يقطين الاساسية للبنات;1;;;;;;;;;;;;;;;;;;;;;;;;;;;;;
1401336;;;;;;;الاسطورة الاساسية للبنات;1;;;;;;;;;;;;;;;;;;;;;;;;;;;;;
1401337;;;;;;;الاسطورة الاساسية للبنين;1;;;;;;;;;;;;;;;;;;;;;;;;;;;;;
1401338;;;;;;;ث . منارة المستقبل للبنين;1;;;;;;;;;;;;;;;;;;;;;;;;;;;;;
1401339;;;;;;;بيادر الخير;1;;;;;;;;;;;;;;;;;;;;;;;;;;;;;
1401340;;;;;;;ع . العقيلة للبنات;2;;;;;;;;;;;;;;;;;;;;;;;;;;;;;
1401341;;;;;;;دارك;1;;;;;;;;;;;;;;;;;;;;;;;;;;;;;
1401342;;;;;;;اجيال الحيدرية;1;;;;;;;;;;;;;;;;;;;;;;;;;;;;;
1401344;;;;;;;ع . هدى الصدر;2;;;;;;;;;;;;;;;;;;;;;;;;;;;;;
1401345;;;;;;;ع . الاشراق;4;;;;;;;;;;;;;;;;;;;;;;;;;;;;;
1401346;;;;;;;ث . الامراء;1;;;;;;;;;;;;;;;;;;;;;;;;;;;;;
1401347;;;;;;;ث . الاميرات;1;;;;;;;;;;;;;;;;;;;;;;;;;;;;;
1401348;;;;;;;نبراس العلم;1;;;;;;;;;;;;;;;;;;;;;;;;;;;;;
1401350;;;;;;;سما بغداد;2;;;;;;;;;;;;;;;;;;;;;;;;;;;;;
1401351;;;;;;;ايات الرحمن الاساسية للبنات;2;;;;;;;;;;;;;;;;;;;;;;;;;;;;;
1401352;;;;;;;الكوفة  المختلطة;2;;;;;;;;;;;;;;;;;;;;;;;;;;;;;
1401354;;;;;;;نون;2;;;;;;;;;;;;;;;;;;;;;;;;;;;;;
1401355;;;;;;;ث . منارة المستقبل للبنات ( غلق );1;;;;;;;;;;;;;;;;;;;;;;;;;;;;;
1401356;;;;;;;الخالد;1;;;;;;;;;;;;;;;;;;;;;;;;;;;;;
1401357;;;;;;;باب الرجاء;4;;;;;;;;;;;;;;;;;;;;;;;;;;;;;
1401358;;;;;;;عقد الولاء;1;;;;;;;;;;;;;;;;;;;;;;;;;;;;;
1401360;;;;;;;ث . عقد الولاء للبنين;1;;;;;;;;;;;;;;;;;;;;;;;;;;;;;
1401361;;;;;;;ث . عقد الولاء للبنات;1;;;;;;;;;;;;;;;;;;;;;;;;;;;;;
1401362;;;;;;;ث . عشتار;1;;;;;;;;;;;;;;;;;;;;;;;;;;;;;
1401364;;;;;;;الامتياز;1;;;;;;;;;;;;;;;;;;;;;;;;;;;;;
1401365;;;;;;;اوروك المختلطة ( تعليق );1;;;;;;;;;;;;;;;;;;;;;;;;;;;;;
1401366;;;;;;;ث . اوروك (صناع الاوائل) للبنين;1;;;;;;;;;;;;;;;;;;;;;;;;;;;;;
1401367;;;;;;;انوار السجاد الاساسية;2;;;;;;;;;;;;;;;;;;;;;;;;;;;;;
1401368;;;;;;;انوار السجاد الابتدائية;2;;;;;;;;;;;;;;;;;;;;;;;;;;;;;
1401369;;;;;;;الشهيد عبد الرضا الفياض (قرض);1;;;;;;;;;;;;;;;;;;;;;;;;;;;;;
1401370;;;;;;;الشهيد جعفر المظفر;1;;;;;;;;;;;;;;;;;;;;;;;;;;;;;
1401371;;;;;;;النجوى;1;;;;;;;;;;;;;;;;;;;;;;;;;;;;;
1401372;;;;;;;العوالي;1;;;;;;;;;;;;;;;;;;;;;;;;;;;;;
1401373;;;;;;;الياسمين;1;;;;;;;;;;;;;;;;;;;;;;;;;;;;;
1401374;;;;;;;ع . الريادة ( مركزية );2;;;;;;;;;;;;;;;;;;;;;;;;;;;;;
1401375;;;;;;;م . بلاد الامير ( تعليق );1;;;;;;;;;;;;;;;;;;;;;;;;;;;;;
1401376;;;;;;;ث . رواد السلام للبنين;2;;;;;;;;;;;;;;;;;;;;;;;;;;;;;
1401377;;;;;;;ث . رواد السلام للبنات;2;;;;;;;;;;;;;;;;;;;;;;;;;;;;;
1401378;;;;;;;الذكوات البيض;4;;;;;;;;;;;;;;;;;;;;;;;;;;;;;
1401379;;;;;;;ث . زهور الجنائن للبنين;2;;;;;;;;;;;;;;;;;;;;;;;;;;;;;
1401380;;;;;;;ث . زهور الجنائن للبنات;2;;;;;;;;;;;;;;;;;;;;;;;;;;;;;
1401381;;;;;;;ث . الكوفة للمتميزات;2;;;;;;;;;;;;;;;;;;;;;;;;;;;;;
1401382;;;;;;;الشيخ حاتم حسن الشمخي;2;;;;;;;;;;;;;;;;;;;;;;;;;;;;;
1401383;;;;;;;م . معصومة ع;1;;;;;;;;;;;;;;;;;;;;;;;;;;;;;
1401384;;;;;;;الاوسمة;1;;;;;;;;;;;;;;;;;;;;;;;;;;;;;
1401385;;;;;;;م . الاغاريد;1;;;;;;;;;;;;;;;;;;;;;;;;;;;;;
1401386;;;;;;;الكتاب;1;;;;;;;;;;;;;;;;;;;;;;;;;;;;;
1401387;;;;;;;م . بنات سومر;1;;;;;;;;;;;;;;;;;;;;;;;;;;;;;
1401388;;;;;;;ث . العلامة باقر الموسوي;1;;;;;;;;;;;;;;;;;;;;;;;;;;;;;
1401389;;;;;;;ثانوية المتفوقين;1;;;;;;;;;;;;;;;;;;;;;;;;;;;;;
1401390;;;;;;;ثانوية المتفوقات;1;;;;;;;;;;;;;;;;;;;;;;;;;;;;;
1401391;;;;;;;م . الفوارس;2;;;;;;;;;;;;;;;;;;;;;;;;;;;;;
1401392;;;;;;;الربوة;2;;;;;;;;;;;;;;;;;;;;;;;;;;;;;
1401393;;;;;;;الوارقة الاساسية;2;;;;;;;;;;;;;;;;;;;;;;;;;;;;;
1401394;;;;;;;عبد الكريم الفحام;2;;;;;;;;;;;;;;;;;;;;;;;;;;;;;
1401395;;;;;;;بشائر النصر;2;;;;;;;;;;;;;;;;;;;;;;;;;;;;;
1401396;;;;;;;الاصائل;2;;;;;;;;;;;;;;;;;;;;;;;;;;;;;
1401398;;;;;;;الفسائل;2;;;;;;;;;;;;;;;;;;;;;;;;;;;;;
1401399;;;;;;;ث . طريق الجنة للبنات;1;;;;;;;;;;;;;;;;;;;;;;;;;;;;;
1401400;;;;;;;الخورنق الاساسية للبنات;2;;;;;;;;;;;;;;;;;;;;;;;;;;;;;
1401402;;;;;;;الملاك;1;;;;;;;;;;;;;;;;;;;;;;;;;;;;;
1401403;;;;;;;رواسي العلم;1;;;;;;;;;;;;;;;;;;;;;;;;;;;;;
1401404;;;;;;;حلب الاساسية;2;;;;;;;;;;;;;;;;;;;;;;;;;;;;;
1401405;;;;;;;كندة;2;;;;;;;;;;;;;;;;;;;;;;;;;;;;;
1401406;;;;;;;در النجف للبنين;2;;;;;;;;;;;;;;;;;;;;;;;;;;;;;
1401407;;;;;;;در النجف للبنات;2;;;;;;;;;;;;;;;;;;;;;;;;;;;;;
1401408;;;;;;;ث . در النجف للبنين;2;;;;;;;;;;;;;;;;;;;;;;;;;;;;;
1401410;;;;;;;دار الحسين;1;;;;;;;;;;;;;;;;;;;;;;;;;;;;;
1401414;;;;;;;م . الحسنين;1;;;;;;;;;;;;;;;;;;;;;;;;;;;;;
1401415;;;;;;;م . الفاطميات;1;;;;;;;;;;;;;;;;;;;;;;;;;;;;;
1401416;;;;;;;ثانوية الكوفة للمتفوقين;2;;;;;;;;;;;;;;;;;;;;;;;;;;;;;
1401417;;;;;;;ثانوية الكوفة للمتفوقات;2;;;;;;;;;;;;;;;;;;;;;;;;;;;;;
1401418;;;;;;;المبدعون الصغار;1;;;;;;;;;;;;;;;;;;;;;;;;;;;;;
1401419;;;;;;;لغة الضاد;1;;;;;;;;;;;;;;;;;;;;;;;;;;;;;
1401420;;;;;;;العدالة;1;;;;;;;;;;;;;;;;;;;;;;;;;;;;;
1401421;;;;;;;البروج الاساسية;2;;;;;;;;;;;;;;;;;;;;;;;;;;;;;
1401422;;;;;;;انوار الكفيل للبنين;4;;;;;;;;;;;;;;;;;;;;;;;;;;;;;
1401423;;;;;;;انوار الكفيل للبنات;4;;;;;;;;;;;;;;;;;;;;;;;;;;;;;
1401424;;;;;;;ث . صافي صفا;1;;;;;;;;;;;;;;;;;;;;;;;;;;;;;
1401425;;;;;;;ث . نبراس العلم;1;;;;;;;;;;;;;;;;;;;;;;;;;;;;;
1401426;;;;;;;ع . العقيلة للبنين;2;;;;;;;;;;;;;;;;;;;;;;;;;;;;;
1401431;;;;;;;فيض الكوثر;1;;;;;;;;;;;;;;;;;;;;;;;;;;;;;
1401432;;;;;;;الجمان;1;;;;;;;;;;;;;;;;;;;;;;;;;;;;;
1401433;;;;;;;مهدي غني الكوفي;2;;;;;;;;;;;;;;;;;;;;;;;;;;;;;
1401434;;;;;;;الانهار;2;;;;;;;;;;;;;;;;;;;;;;;;;;;;;
1401435;;;;;;;المهيار;2;;;;;;;;;;;;;;;;;;;;;;;;;;;;;
1401436;;;;;;;ثاانوية المناذرة للمتفوقين;3;;;;;;;;;;;;;;;;;;;;;;;;;;;;;
1401437;;;;;;;ثانوية المناذرة للمتفوقات;3;;;;;;;;;;;;;;;;;;;;;;;;;;;;;
1401438;;;;;;;لولو كاتي;2;;;;;;;;;;;;;;;;;;;;;;;;;;;;;
1401439;;;;;;;التعليم المطور الأساسية للبنين;1;;;;;;;;;;;;;;;;;;;;;;;;;;;;;
1401440;;;;;;;التعليم المطور الأساسية للبنات;1;;;;;;;;;;;;;;;;;;;;;;;;;;;;;
1401441;;;;;;;ينابيع المعرفة;2;;;;;;;;;;;;;;;;;;;;;;;;;;;;;
1401442;;;;;;;طوى الأساسية;2;;;;;;;;;;;;;;;;;;;;;;;;;;;;;
1401443;;;;;;;ث . در النجف للبنات;2;;;;;;;;;;;;;;;;;;;;;;;;;;;;;
1401444;;;;;;;م . ينابيع المعرفة;2;;;;;;;;;;;;;;;;;;;;;;;;;;;;;
1401445;;;;;;;الخوارزمي;1;;;;;;;;;;;;;;;;;;;;;;;;;;;;;
1401446;;;;;;;ع . الشناشيل ( قرض);1;;;;;;;;;;;;;;;;;;;;;;;;;;;;;
1401447;;;;;;;البوادي;1;;;;;;;;;;;;;;;;;;;;;;;;;;;;;
1401448;;;;;;;المرام;1;;;;;;;;;;;;;;;;;;;;;;;;;;;;;
1401449;;;;;;;ث . طريق الاحرار;1;;;;;;;;;;;;;;;;;;;;;;;;;;;;;
1401450;;;;;;;ث . الالباب;1;;;;;;;;;;;;;;;;;;;;;;;;;;;;;
1401451;;;;;;;ع . الشهيد ابو مهدي المهندس;1;;;;;;;;;;;;;;;;;;;;;;;;;;;;;
1401452;;;;;;;م . الشهيد قصي العيساوي;2;;;;;;;;;;;;;;;;;;;;;;;;;;;;;
1401453;;;;;;;الخورنق الاساسية للبنين;2;;;;;;;;;;;;;;;;;;;;;;;;;;;;;
1401454;;;;;;;رسول الرحمة;1;;;;;;;;;;;;;;;;;;;;;;;;;;;;;
1401455;;;;;;;ث . المرفأ;1;;;;;;;;;;;;;;;;;;;;;;;;;;;;;
1401456;;;;;;;م . الشهيد محمد عدنان العوادي;2;;;;;;;;;;;;;;;;;;;;;;;;;;;;;
1401457;;;;;;;ع . ولاء الكوفة;2;;;;;;;;;;;;;;;;;;;;;;;;;;;;;
1401458;;;;;;;م . شهداء منطقة الوهابي;2;;;;;;;;;;;;;;;;;;;;;;;;;;;;;
1401459;;;;;;;العهد الزاهر;1;;;;;;;;;;;;;;;;;;;;;;;;;;;;;
1401460;;;;;;;جنائن بابل;1;;;;;;;;;;;;;;;;;;;;;;;;;;;;;
1401461;;;;;;;البراء;3;;;;;;;;;;;;;;;;;;;;;;;;;;;;;
1401462;;;;;;;ث . الاصفياء;1;;;;;;;;;;;;;;;;;;;;;;;;;;;;;
1401463;;;;;;;ث . درة المحيط;1;;;;;;;;;;;;;;;;;;;;;;;;;;;;;
1401464;;;;;;;ث . العراق;1;;;;;;;;;;;;;;;;;;;;;;;;;;;;;
1401465;;;;;;;ث . الخالدات;3;;;;;;;;;;;;;;;;;;;;;;;;;;;;;
1401466;;;;;;;ساندي بيل ( غلق );4;;;;;;;;;;;;;;;;;;;;;;;;;;;;;
1401467;;;;;;;سما العراق للبنين;1;;;;;;;;;;;;;;;;;;;;;;;;;;;;;
1401468;;;;;;;سما العراق للبنات;1;;;;;;;;;;;;;;;;;;;;;;;;;;;;;
1401469;;;;;;;ث . سما العراق للبنين;1;;;;;;;;;;;;;;;;;;;;;;;;;;;;;
1401470;;;;;;;ث . سما العراق للبنات;1;;;;;;;;;;;;;;;;;;;;;;;;;;;;;
1401471;;;;;;;ث . سما العراق ثنائية اللغة بنين ( غلق );1;;;;;;;;;;;;;;;;;;;;;;;;;;;;;
1401472;;;;;;;ث . سما العراق ثنائية اللغة بنات ( غلق );1;;;;;;;;;;;;;;;;;;;;;;;;;;;;;
1401473;;;;;;;م . فتيان المستقبل;1;;;;;;;;;;;;;;;;;;;;;;;;;;;;;
1401474;;;;;;;نور العلم;1;;;;;;;;;;;;;;;;;;;;;;;;;;;;;
1401475;;;;;;;ث. شذى الامامة;1;;;;;;;;;;;;;;;;;;;;;;;;;;;;;
1401476;;;;;;;م . الماسة الزرقاء;1;;;;;;;;;;;;;;;;;;;;;;;;;;;;;
1401477;;;;;;;ث . الكواكب المنيرة(قرض );1;;;;;;;;;;;;;;;;;;;;;;;;;;;;;
1401478;;;;;;;العشق الحسيني;1;;;;;;;;;;;;;;;;;;;;;;;;;;;;;
1401479;;;;;;;ث . البنيان المرصوص للمتفوقات;2;;;;;;;;;;;;;;;;;;;;;;;;;;;;;
1401480;;;;;;;البعد الرابع;1;;;;;;;;;;;;;;;;;;;;;;;;;;;;;
1401481;;;;;;;ازهار الربيع;1;;;;;;;;;;;;;;;;;;;;;;;;;;;;;
1401482;;;;;;;حماة الوطن;1;;;;;;;;;;;;;;;;;;;;;;;;;;;;;
1401483;;;;;;;م . الأجيال الواعدة;1;;;;;;;;;;;;;;;;;;;;;;;;;;;;;
1401484;;;;;;;المبدعات;3;;;;;;;;;;;;;;;;;;;;;;;;;;;;;
1401485;;;;;;;م . مسيرة الخلود;1;;;;;;;;;;;;;;;;;;;;;;;;;;;;;
1401486;;;;;;;م . الضرغام;1;;;;;;;;;;;;;;;;;;;;;;;;;;;;;
1401487;;;;;;;ث . جوهرة البقيع;1;;;;;;;;;;;;;;;;;;;;;;;;;;;;;
1401488;;;;;;;البواسل;1;;;;;;;;;;;;;;;;;;;;;;;;;;;;;
1401489;;;;;;;ث . منهج الصالحين للمتميزين (قرض);2;;;;;;;;;;;;;;;;;;;;;;;;;;;;;
1401490;;;;;;;ث . منهاج النبوة;1;;;;;;;;;;;;;;;;;;;;;;;;;;;;;
1401491;;;;;;;الجود ( تربية خاصة )( تنمية الاقاليم);1;;;;;;;;;;;;;;;;;;;;;;;;;;;;;
1401492;;;;;;;الهاشميات;2;;;;;;;;;;;;;;;;;;;;;;;;;;;;;
1401493;;;;;;;م . عبد الله الازدي;2;;;;;;;;;;;;;;;;;;;;;;;;;;;;;
1401494;;;;;;;حياة شرارة;1;;;;;;;;;;;;;;;;;;;;;;;;;;;;;
1401495;;;;;;;ث. ال الصدر الكرام;3;;;;;;;;;;;;;;;;;;;;;;;;;;;;;
1401496;;;;;;;ث . خولة بنت الحسين;4;;;;;;;;;;;;;;;;;;;;;;;;;;;;;
1401497;;;;;;;ال محمد ص;3;;;;;;;;;;;;;;;;;;;;;;;;;;;;;
1401498;;;;;;;الكرم;1;;;;;;;;;;;;;;;;;;;;;;;;;;;;;
1401499;;;;;;;م . حيدر شهيد;1;;;;;;;;;;;;;;;;;;;;;;;;;;;;;
1401500;;;;;;;ع . الشذرات;2;;;;;;;;;;;;;;;;;;;;;;;;;;;;;
1401501;;;;;;;شمس الحق;1;;;;;;;;;;;;;;;;;;;;;;;;;;;;;
1401502;;;;;;;بوابة التألق;3;;;;;;;;;;;;;;;;;;;;;;;;;;;;;
1401503;;;;;;;جنة الحسين الاساسية;4;;;;;;;;;;;;;;;;;;;;;;;;;;;;;
1401504;;;;;;;ث . الفرقان للبنات;1;;;;;;;;;;;;;;;;;;;;;;;;;;;;;
1401505;;;;;;;قائم ال محمد للبنات;1;;;;;;;;;;;;;;;;;;;;;;;;;;;;;
1401506;;;;;;;قائم ال محمد للبنين;1;;;;;;;;;;;;;;;;;;;;;;;;;;;;;
1401507;;;;;;;ث . قائم ال محمد للبنات;1;;;;;;;;;;;;;;;;;;;;;;;;;;;;;
1401508;;;;;;;ث . قائم ال محمد للبنين;1;;;;;;;;;;;;;;;;;;;;;;;;;;;;;
1401509;;;;;;;بيعة الغدير;1;;;;;;;;;;;;;;;;;;;;;;;;;;;;;
1401510;;;;;;;لواء العلم;3;;;;;;;;;;;;;;;;;;;;;;;;;;;;;
1401511;;;;;;;الغفران;3;;;;;;;;;;;;;;;;;;;;;;;;;;;;;
1401512;;;;;;;ث . سبط الرسول;1;;;;;;;;;;;;;;;;;;;;;;;;;;;;;
1401513;;;;;;;الفرقان;1;;;;;;;;;;;;;;;;;;;;;;;;;;;;;
1401514;;;;;;;القرآن والعترة الطاهرة الأساسية ( رفع درجة);1;;;;;;;;;;;;;;;;;;;;;;;;;;;;;
1401515;;;;;;;الطور;1;;;;;;;;;;;;;;;;;;;;;;;;;;;;;
1401516;;;;;;;نيوتن الأساسية للبنين;1;;;;;;;;;;;;;;;;;;;;;;;;;;;;;
1401517;;;;;;;نيوتن الأساسية للبنات;1;;;;;;;;;;;;;;;;;;;;;;;;;;;;;
1401518;;;;;;;الشيماء المختلطة;1;;;;;;;;;;;;;;;;;;;;;;;;;;;;;
1401519;;;;;;;ادوبا الاساسية;1;;;;;;;;;;;;;;;;;;;;;;;;;;;;;
1401520;;;;;;;أجيال المستقبل;2;;;;;;;;;;;;;;;;;;;;;;;;;;;;;
1401521;;;;;;;النهرين المختلطة;2;;;;;;;;;;;;;;;;;;;;;;;;;;;;;
1401522;;;;;;;نور المعرفة;4;;;;;;;;;;;;;;;;;;;;;;;;;;;;;
1401523;;;;;;;م . الطور للبنين;1;;;;;;;;;;;;;;;;;;;;;;;;;;;;;
1401524;;;;;;;م . الطور للبنات;1;;;;;;;;;;;;;;;;;;;;;;;;;;;;;
1401525;;;;;;;م . انوار الضياء للبنات;1;;;;;;;;;;;;;;;;;;;;;;;;;;;;;
1401526;;;;;;;اعدادية نيوتن للبنين;1;;;;;;;;;;;;;;;;;;;;;;;;;;;;;
1401527;;;;;;;اعدادية نيوتن للبنات;1;;;;;;;;;;;;;;;;;;;;;;;;;;;;;
1401528;;;;;;;ث . الياسري للبنات;2;;;;;;;;;;;;;;;;;;;;;;;;;;;;;
1401529;;;;;;;ث . النهرين للبنين;2;;;;;;;;;;;;;;;;;;;;;;;;;;;;;
1401530;;;;;;;ث . بوابة التالق للبنين;3;;;;;;;;;;;;;;;;;;;;;;;;;;;;;
1401533;;;;;;;ثانوية المتفوقين 2( قرض);1;;;;;;;;;;;;;;;;;;;;;;;;;;;;;
1401534;;;;;;;ثانوية المتفوقات 2;1;;;;;;;;;;;;;;;;;;;;;;;;;;;;;
1401535;;;;;;;المسلة;1;;;;;;;;;;;;;;;;;;;;;;;;;;;;;
1401536;;;;;;;الأخوة;1;;;;;;;;;;;;;;;;;;;;;;;;;;;;;
1401537;;;;;;;الود;1;;;;;;;;;;;;;;;;;;;;;;;;;;;;;
1401538;;;;;;;التفاؤل;1;;;;;;;;;;;;;;;;;;;;;;;;;;;;;
1401539;;;;;;;الوقار;1;;;;;;;;;;;;;;;;;;;;;;;;;;;;;
1401540;;;;;;;العنبر;1;;;;;;;;;;;;;;;;;;;;;;;;;;;;;
1401541;;;;;;;المسك;1;;;;;;;;;;;;;;;;;;;;;;;;;;;;;
1401542;;;;;;;النسور;1;;;;;;;;;;;;;;;;;;;;;;;;;;;;;
1401543;;;;;;;البراءة;1;;;;;;;;;;;;;;;;;;;;;;;;;;;;;
1401544;;;;;;;نبع الكوثر;1;;;;;;;;;;;;;;;;;;;;;;;;;;;;;
1401545;;;;;;;سمير العلاق;2;;;;;;;;;;;;;;;;;;;;;;;;;;;;;
1401546;;;;;;;الحجرات;2;;;;;;;;;;;;;;;;;;;;;;;;;;;;;
1401548;;;;;;;صناع الغد;4;;;;;;;;;;;;;;;;;;;;;;;;;;;;;
1401549;;;;;;;الامال;4;;;;;;;;;;;;;;;;;;;;;;;;;;;;;
1401550;;;;;;;عبدالزهرة عنوز;1;;;;;;;;;;;;;;;;;;;;;;;;;;;;;
1401551;;;;;;;م . شهداء العراق ( قرض );1;;;;;;;;;;;;;;;;;;;;;;;;;;;;;
1401552;;;;;;;ث . رحاب العلم;1;;;;;;;;;;;;;;;;;;;;;;;;;;;;;
1401553;;;;;;;ث . الرتاج;1;;;;;;;;;;;;;;;;;;;;;;;;;;;;;
1401554;;;;;;;ع . الشهيد صادق الزيدي;1;;;;;;;;;;;;;;;;;;;;;;;;;;;;;
1401555;;;;;;;ع . محمد صادق الصدر;2;;;;;;;;;;;;;;;;;;;;;;;;;;;;;
1401556;;;;;;;ع . ما وراء الفقه;2;;;;;;;;;;;;;;;;;;;;;;;;;;;;;
1401557;;;;;;;م . كاظم عبد الأمير الحدراوي;2;;;;;;;;;;;;;;;;;;;;;;;;;;;;;
1401558;;;;;;;ث . عاشوراء الحسين;2;;;;;;;;;;;;;;;;;;;;;;;;;;;;;
1401559;;;;;;;ث. عراق السلام;3;;;;;;;;;;;;;;;;;;;;;;;;;;;;;
1401560;;;;;;;الصفوة الطاهرة;2;;;;;;;;;;;;;;;;;;;;;;;;;;;;;
1401561;;;;;;;النقاء;2;;;;;;;;;;;;;;;;;;;;;;;;;;;;;
1401562;;;;;;;وردة الصباح;2;;;;;;;;;;;;;;;;;;;;;;;;;;;;;
1401563;;;;;;;زهير مراد الاسدي ( قرض);2;;;;;;;;;;;;;;;;;;;;;;;;;;;;;
1401564;;;;;;;ناجي المحنه;4;;;;;;;;;;;;;;;;;;;;;;;;;;;;;
1401566;;;;;;;نيوتن;1;;;;;;;;;;;;;;;;;;;;;;;;;;;;;
1401567;;;;;;;اعدادية العاصمة;2;;;;;;;;;;;;;;;;;;;;;;;;;;;;;
1401568;;;;;;;ضياء العلم;3;;;;;;;;;;;;;;;;;;;;;;;;;;;;;
1401569;;;;;;;موطني (قرض);1;;;;;;;;;;;;;;;;;;;;;;;;;;;;;
1401570;;;;;;;ث . بلادي;1;;;;;;;;;;;;;;;;;;;;;;;;;;;;;
1401571;;;;;;;م . القناديل ( غلق );2;;;;;;;;;;;;;;;;;;;;;;;;;;;;;
1401572;;;;;;;ع . قلعة العلوم;1;;;;;;;;;;;;;;;;;;;;;;;;;;;;;
1401573;;;;;;;ع . جيل التفوق;1;;;;;;;;;;;;;;;;;;;;;;;;;;;;;
1401574;;;;;;;ع . النورين;1;;;;;;;;;;;;;;;;;;;;;;;;;;;;;
1401575;;;;;;;ع . الضيغم;1;;;;;;;;;;;;;;;;;;;;;;;;;;;;;
1401577;;;;;;;العلياء;1;;;;;;;;;;;;;;;;;;;;;;;;;;;;;
1401578;;;;;;;ث . زها حديد;2;;;;;;;;;;;;;;;;;;;;;;;;;;;;;
1401579;;;;;;;ث . حروف للبنات;1;;;;;;;;;;;;;;;;;;;;;;;;;;;;;
1401580;;;;;;;ث . حروف للبنين;1;;;;;;;;;;;;;;;;;;;;;;;;;;;;;
1401581;;;;;;;السجدة;4;;;;;;;;;;;;;;;;;;;;;;;;;;;;;
1401582;;;;;;;م . المسرات;4;;;;;;;;;;;;;;;;;;;;;;;;;;;;;
1401583;;;;;;;م . الروان;4;;;;;;;;;;;;;;;;;;;;;;;;;;;;;
1401584;;;;;;;سمارت المختلطة;2;;;;;;;;;;;;;;;;;;;;;;;;;;;;;
1401585;;;;;;;م . عبق الورد;4;;;;;;;;;;;;;;;;;;;;;;;;;;;;;
1401586;;;;;;;الاولياء الصالحين الاساسية للبنات;1;;;;;;;;;;;;;;;;;;;;;;;;;;;;;
1401587;;;;;;;ث  جوهرة الرافدين ( لم تفتح );1;;;;;;;;;;;;;;;;;;;;;;;;;;;;;
1401588;;;;;;;ع . الاسباط (قرض );1;;;;;;;;;;;;;;;;;;;;;;;;;;;;;
1401589;;;;;;;الرايات;1;;;;;;;;;;;;;;;;;;;;;;;;;;;;;
1401590;;;;;;;المناسك;1;;;;;;;;;;;;;;;;;;;;;;;;;;;;;
1401591;;;;;;;التهجد;1;;;;;;;;;;;;;;;;;;;;;;;;;;;;;
1401592;;;;;;;م . الكفاءات;1;;;;;;;;;;;;;;;;;;;;;;;;;;;;;
1401593;;;;;;;م . الميقات;1;;;;;;;;;;;;;;;;;;;;;;;;;;;;;
1401594;;;;;;;ث . الحجة;1;;;;;;;;;;;;;;;;;;;;;;;;;;;;;
1401595;;;;;;;ث . سلمان غماس الزجراوي;3;;;;;;;;;;;;;;;;;;;;;;;;;;;;;
1401596;;;;;;;;1;;;;;;;;;;;;;;;;;;;;;;;;;;;;;
1401597;;;;;;;;1;;;;;;;;;;;;;;;;;;;;;;;;;;;;;
1401598;;;;;;;المواهب الأساسية للبنين;1;;;;;;;;;;;;;;;;;;;;;;;;;;;;;
1401599;;;;;;;المواهب  المختلطة;1;;;;;;;;;;;;;;;;;;;;;;;;;;;;;
1401600;;;;;;;ث . الجودي للبنين ( تعليق);1;;;;;;;;;;;;;;;;;;;;;;;;;;;;;
1401601;;;;;;;ث . العلمين;2;;;;;;;;;;;;;;;;;;;;;;;;;;;;;
1401602;;;;;;;ث . الجودي للبنات (تعليق);1;;;;;;;;;;;;;;;;;;;;;;;;;;;;;
1401603;;;;;;;م . مظفر النواب;2;;;;;;;;;;;;;;;;;;;;;;;;;;;;;
1401604;;;;;;;م . القرآن منهجنا;2;;;;;;;;;;;;;;;;;;;;;;;;;;;;;
1401605;;;;;;;جعفر بن علي بن ابي طالب ( الغاء );2;;;;;;;;;;;;;;;;;;;;;;;;;;;;;
1401606;;;;;;;ث . بغداد;2;;;;;;;;;;;;;;;;;;;;;;;;;;;;;
1401607;;;;;;;ث . التالق للبنين;2;;;;;;;;;;;;;;;;;;;;;;;;;;;;;
1401608;;;;;;;ث . التالق للبنات;2;;;;;;;;;;;;;;;;;;;;;;;;;;;;;
1401609;;;;;;;م . طوفان الأقصى;1;;;;;;;;;;;;;;;;;;;;;;;;;;;;;
1401610;;;;;;;م . شهداء الحيرة;3;;;;;;;;;;;;;;;;;;;;;;;;;;;;;
1401611;;;;;;;م . الفلق للبنين;3;;;;;;;;;;;;;;;;;;;;;;;;;;;;;
1401612;;;;;;;كادي;2;;;;;;;;;;;;;;;;;;;;;;;;;;;;;
1401613;;;;;;;ابواب الامل;1;;;;;;;;;;;;;;;;;;;;;;;;;;;;;
1401614;;;;;;;طريق الامل;1;;;;;;;;;;;;;;;;;;;;;;;;;;;;;
1401615;;;;;;;الحوراء الأساسية;1;;;;;;;;;;;;;;;;;;;;;;;;;;;;;
1401616;;;;;;;وطن السلام;1;;;;;;;;;;;;;;;;;;;;;;;;;;;;;
1401617;;;;;;;براعم العراق الأساسية المختلطة ( الميار سابقا);2;;;;;;;;;;;;;;;;;;;;;;;;;;;;;
1401618;;;;;;;كوكب المواهب الأساسية ( الميار سابقا );2;;;;;;;;;;;;;;;;;;;;;;;;;;;;;
1401619;;;;;;;ث . قمم;2;;;;;;;;;;;;;;;;;;;;;;;;;;;;;
1401621;;;;;;;الورود;4;;;;;;;;;;;;;;;;;;;;;;;;;;;;;
1401622;;;;;;;ارض طيبة;1;;;;;;;;;;;;;;;;;;;;;;;;;;;;;
1401623;;;;;;;الرونق;1;;;;;;;;;;;;;;;;;;;;;;;;;;;;;
1401624;;;;;;;ث .  صناع الأوائل للبنات;1;;;;;;;;;;;;;;;;;;;;;;;;;;;;;
1401625;;;;;;;غافر الأساسية;2;;;;;;;;;;;;;;;;;;;;;;;;;;;;;
1401626;;;;;;;السحاب;2;;;;;;;;;;;;;;;;;;;;;;;;;;;;;
1401627;;;;;;;ث . بيادر الخير;1;;;;;;;;;;;;;;;;;;;;;;;;;;;;;
1401628;;;;;;;سما العراق الأساسية للبنين;1;;;;;;;;;;;;;;;;;;;;;;;;;;;;;
1401629;;;;;;;سما العراق الأساسية للبنات;1;;;;;;;;;;;;;;;;;;;;;;;;;;;;;
1401630;;;;;;;ع . سما العراق للبنين;1;;;;;;;;;;;;;;;;;;;;;;;;;;;;;
1401631;;;;;;;ع . سما العراق للبنات;1;;;;;;;;;;;;;;;;;;;;;;;;;;;;;
1401632;;;;;;;ث . الاصرار;3;;;;;;;;;;;;;;;;;;;;;;;;;;;;;
1401633;;;;;;;م .شهداء الصد الاول;1;;;;;;;;;;;;;;;;;;;;;;;;;;;;;
1401634;;;;;;;ث . الزعفران;1;;;;;;;;;;;;;;;;;;;;;;;;;;;;;
1401635;;;;;;;ع . طوى;3;;;;;;;;;;;;;;;;;;;;;;;;;;;;;
1401636;;;;;;;ث . النسائم;1;;;;;;;;;;;;;;;;;;;;;;;;;;;;;
1401637;;;;;;;م . الق الطور;2;;;;;;;;;;;;;;;;;;;;;;;;;;;;;
1401638;;;;;;;منة المنان;2;;;;;;;;;;;;;;;;;;;;;;;;;;;;;
1401639;;;;;;;ث . لغتي للبنين;2;;;;;;;;;;;;;;;;;;;;;;;;;;;;;
1401640;;;;;;;ث . لغتي للبنات;2;;;;;;;;;;;;;;;;;;;;;;;;;;;;;
1401642;;;;;;;ث . الامير مثنى ال حاتم ال حسن;2;;;;;;;;;;;;;;;;;;;;;;;;;;;;;
1401643;;;;;;;ع . الشهيد احمد هندي فيروز الكوفي;2;;;;;;;;;;;;;;;;;;;;;;;;;;;;;
1401644;;;;;;;الفرح/1 النموذجية المختلطة الاساسية;1;;;;;;;;;;;;;;;;;;;;;;;;;;;;;
1401645;;;;;;;الفرح / 1 النموذجية للينات الاساسية;1;;;;;;;;;;;;;;;;;;;;;;;;;;;;;
1401646;;;;;;;الفرح / 2 النموذجية  الاساسية( قرض);1;;;;;;;;;;;;;;;;;;;;;;;;;;;;;
1401647;;;;;;;الفرح /2 النموذجية للبنات الاساسية;1;;;;;;;;;;;;;;;;;;;;;;;;;;;;;
1401648;;;;;;;ع . سيد الجنوب;1;;;;;;;;;;;;;;;;;;;;;;;;;;;;;
1401649;;;;;;;الرفعة;1;;;;;;;;;;;;;;;;;;;;;;;;;;;;;
1401650;;;;;;;التبيان;3;;;;;;;;;;;;;;;;;;;;;;;;;;;;;
1401651;;;;;;;ع . فقه الفضاء;2;;;;;;;;;;;;;;;;;;;;;;;;;;;;;
1401652;;;;;;;م . الشهيد علاوي الذبحاوي;2;;;;;;;;;;;;;;;;;;;;;;;;;;;;;
1401653;;;;;;;ع . الشهيد السعيد حسن نصر الله;2;;;;;;;;;;;;;;;;;;;;;;;;;;;;;
1401654;;;;;;;م . الشهيد حسن نصرالله;4;;;;;;;;;;;;;;;;;;;;;;;;;;;;;
1401655;;;;;;;إعدادية النجف للعلوم الرياضية (قرض);1;;;;;;;;;;;;;;;;;;;;;;;;;;;;;
1401656;;;;;;;ادوبا الاساسية للبنين;1;;;;;;;;;;;;;;;;;;;;;;;;;;;;;
1401657;;;;;;;ع . القطيف;1;;;;;;;;;;;;;;;;;;;;;;;;;;;;;
1401658;;;;;;;اعدادية النجف للسياحة والفندقة;1;;;;;;;;;;;;;;;;;;;;;;;;;;;;;
1401659;;;;;;;ث . الزيزفون (قرض);1;;;;;;;;;;;;;;;;;;;;;;;;;;;;;
1401660;;;;;;;العبقري الصغير;1;;;;;;;;;;;;;;;;;;;;;;;;;;;;;
1401661;;;;;;;ث . رمز الحنان;1;;;;;;;;;;;;;;;;;;;;;;;;;;;;;
1401662;;;;;;;م . المجادلة;2;;;;;;;;;;;;;;;;;;;;;;;;;;;;;
1401663;;;;;;;م . الاقتدار ( تعليق );4;;;;;;;;;;;;;;;;;;;;;;;;;;;;;
1401664;;;;;;;تراث النجف الاساسية;1;;;;;;;;;;;;;;;;;;;;;;;;;;;;;
1401665;;;;;;;زهور الغد الاساسية (قرض);1;;;;;;;;;;;;;;;;;;;;;;;;;;;;;
1401666;;;;;;;ثمرة العلم (قرض);1;;;;;;;;;;;;;;;;;;;;;;;;;;;;;
1401667;;;;;;;ع . الشهيد غالب شنيع  (قرض);1;;;;;;;;;;;;;;;;;;;;;;;;;;;;;
1401668;;;;;;;ع . سيدة الصبر(قرض);1;;;;;;;;;;;;;;;;;;;;;;;;;;;;;
1401669;;;;;;;م . همسة امل;1;;;;;;;;;;;;;;;;;;;;;;;;;;;;;
1401670;;;;;;;م . الامير علي ال محمد الحسناوي (قرض);1;;;;;;;;;;;;;;;;;;;;;;;;;;;;;
1401671;;;;;;;اعدادية الشهيد حسن نصر الله للحاسبات وتقنية المعلومات (قرض);1;;;;;;;;;;;;;;;;;;;;;;;;;;;;;
1401672;;;;;;;ث . اليسر;1;;;;;;;;;;;;;;;;;;;;;;;;;;;;;
1401673;;;;;;;ث . عصر الظهور(قرض);1;;;;;;;;;;;;;;;;;;;;;;;;;;;;;
1401674;;;;;;;اعدادية المناذرة المهنية للبنات (قرض);3;;;;;;;;;;;;;;;;;;;;;;;;;;;;;
1401675;;;;;;;الاولياء الصالحين الأساسية للبنين;1;;;;;;;;;;;;;;;;;;;;;;;;;;;;;
1401676;;;;;;;ث . الممهدات المسائية;3;;;;;;;;;;;;;;;;;;;;;;;;;;;;;
1401677;;;;;;;م . نور الحق;3;;;;;;;;;;;;;;;;;;;;;;;;;;;;;
1401678;;;;;;;ع . النجاة;3;;;;;;;;;;;;;;;;;;;;;;;;;;;;;
1401679;;;;;;;الممهدون;3;;;;;;;;;;;;;;;;;;;;;;;;;;;;;
1401680;;;;;;;الشهيد ثائر الهلالي;1;;;;;;;;;;;;;;;;;;;;;;;;;;;;;
1401681;;;;;;;قطوفها دانية;1;;;;;;;;;;;;;;;;;;;;;;;;;;;;;
1401682;;;;;;;المستنصرية;2;;;;;;;;;;;;;;;;;;;;;;;;;;;;;
1401683;;;;;;;ث المستنصرية;2;;;;;;;;;;;;;;;;;;;;;;;;;;;;;
1401684;;;;;;;مدينة العلم الاساسية;1;;;;;;;;;;;;;;;;;;;;;;;;;;;;;
1401685;;;;;;;راية الحسين ع;1;;;;;;;;;;;;;;;;;;;;;;;;;;;;;
1401686;;;;;;;م . اميرة الطف;1;;;;;;;;;;;;;;;;;;;;;;;;;;;;;
1401687;;;;;;;م . شذى الزهور;1;;;;;;;;;;;;;;;;;;;;;;;;;;;;;
1401688;;;;;;;م . حسن عبدالسعود البديري;2;;;;;;;;;;;;;;;;;;;;;;;;;;;;;
1401689;;;;;;;ع . الروحاء;3;;;;;;;;;;;;;;;;;;;;;;;;;;;;;
1401690;;;;;;;ث . ينبوع الحكمة;2;;;;;;;;;;;;;;;;;;;;;;;;;;;;;
1401691;;;;;;;ع . الدكتور هادي العابدي;1;;;;;;;;;;;;;;;;;;;;;;;;;;;;;
1401692;;;;;;;ث . شجرة التقوى;1;;;;;;;;;;;;;;;;;;;;;;;;;;;;;
1401693;;;;;;;ث . النبأ للبنين;1;;;;;;;;;;;;;;;;;;;;;;;;;;;;;
1401694;;;;;;;ث . العباسية للمتفوقين;2;;;;;;;;;;;;;;;;;;;;;;;;;;;;;
1401695;;;;;;;ث . جساب عريبي;1;;;;;;;;;;;;;;;;;;;;;;;;;;;;;
1401696;;;;;;;الارتقاء الاساسية;1;;;;;;;;;;;;;;;;;;;;;;;;;;;;;
1401697;;;;;;;ثانوية المتفوقين /3;1;;;;;;;;;;;;;;;;;;;;;;;;;;;;;
1401698;;;;;;;ثانوية المتفوقات /3 ( قرض);1;;;;;;;;;;;;;;;;;;;;;;;;;;;;;
1401699;;;;;;;كنوز المعارف الاساسية;1;;;;;;;;;;;;;;;;;;;;;;;;;;;;;
1401700;;;;;;;منارة المستقبل المختلطة;1;;;;;;;;;;;;;;;;;;;;;;;;;;;;;
1401701;;;;;;;م . جنة الفردوس;1;;;;;;;;;;;;;;;;;;;;;;;;;;;;;
1401702;;;;;;;ث . سكينة بنت الحسين (قرض);2;;;;;;;;;;;;;;;;;;;;;;;;;;;;;
1401703;;;;;;;م . البهجة;4;;;;;;;;;;;;;;;;;;;;;;;;;;;;;
1401704;;;;7;;;ث . المستقبل للبنات;1;1;;;;;;;;;;;1;;;;;;;;;;;;;;;;;
1401705;;;;7;;;ث . السدير للبنين;1;1;;;;;;;;;;;1;;;;;;;;;;;;;;;;;
1401706;;;;6;;;ث .السدير للبنات;1;1;;;;;;;;;;;1;;;;;;;;;;;;;;;;;
1401707;;;;7;;;ث . الزيتون;1;1;;;;;;;;;;;1;;;;;;;;;;;;;;;;;
1401708;;;;6;;;ث . شهداء العقيدة المسائية;1;1;;;;;;;;;;;1;;;;;;;;;;;;;;;;;
1401709;;;;6;;;زهور السوسن;1;1;;;;;;;;;;;1;;;;;;;;;;;;;;;;;
1401710;;;;8;;;الشيخ الكرباسي;1;1;;;;;;;;;;;1;;;;;;;;;;;;;;;;;
1401711;;;;6;;;النخيل;2;1;;;;;;;;;;;1;;;;;;;;;;;;;;;;;
1401712;;;;6;;;ث . سما الحيدرية;1;1;;;;;;;;;;;1;;;;;;;;;;;;;;;;;
1401713;;;;6;;;سمارت الاساسية للبنين;2;1;;;;;;;;;;;1;;;;;;;;;;;;;;;;;
1401714;;;;6;;;جنة الحسين الاساسية;4;1;;;;;;;;;;;1;;;;;;;;;;;;;;;;;
1401715;;;;6;;;حروف المختلطة;1;1;;;;;;;;;;;1;;;;;;;;;;;;;;;;;
1401716;;;;6;;;العقيق;1;1;;;;;;;;;;;1;;;;;;;;;;;;;;;;;
1401717;;;;7;;;الياقوتة;1;1;;;;;;;;;;;1;;;;;;;;;;;;;;;;;
1401718;;;;6;;;ث . السيدة فضة;1;1;;;;;;;;;;;1;;;;;;;;;;;;;;;;;
1401719;;;;6;;;شمس المغرب الاساسية;1;1;;;;;;;;;;;1;;;;;;;;;;;;;;;;;
1401720;;;;6;;;حكاية;4;1;;;;;;;;;;;1;;;;;;;;;;;;;;;;;
1401721;;;;7;;;ع . ايليا المهنية المختلطة;1;1;;;;;;;;;;;1;;;;;;;;;;;;;;;;;
1401722;;;;6;;;الشيخ علي الغروي;2;1;;;;;;;;;;;1;;;;;;;;;;;;;;;;;
1401723;;;;6;;;م . جيل الزهراء;2;1;;;;;;;;;;;1;;;;;;;;;;;;;;;;;
1401724;;;;7;;;الشيخ البرجوردي;1;1;;;;;;;;;;;2;;;;;;;;;;;;;;;;;
1401725;;;;6;;;نور المختلطة;1;1;;;;;;;;;;;2;;;;;;;;;;;;;;;;;
1401726;;;;7;;;ث . نور للبنات;1;1;;;;;;;;;;;2;;;;;;;;;;;;;;;;;
1401727;;;;6;;;ارادة الحياة المختلطة (دمج عكسي);1;1;;;;;;;;;;;2;;;;;;;;;;;;;;;;;
1401363;;;;7;;;ث . الامتياز;1;1;;;;;;;;;;;2;;;;;;;;;;;;;;;;;
1401620;;;;8;;;ث . العلا للبنين;2;1;;;;;;;;;;;2;;;;;;;;;;;;;;;;;
1401117;;;;7;;;ث . الذكوات للبنين;4;1;;;;;;;;;;;2;;;;;;;;;;;;;;;;;
1401118;;;;6;;;ث . الذكوات للبنات;4;1;;;;;;;;;;;2;;;;;;;;;;;;;;;;;
1401301;;;;6;;;ث . نور المعرفة للبنات;4;1;;;;;;;;;;;2;;;;;;;;;;;;;;;;;
1401302;;;;7;;;ث . نور المعرفة لللبنين;4;1;;;;;;;;;;;2;;;;;;;;;;;;;;;;;
1401401;;;;6;;;ث . الابداع;4;1;;;;;;;;;;;2;;;;;;;;;;;;;;;;;
1401427;;;;6;;;ث. انوار الكفيل للبنين;4;1;;;;;;;;;;;2;;;;;;;;;;;;;;;;;
1401428;;;;7;;;ث. انوار الكفيل للبنات;4;1;;;;;;;;;;;2;;;;;;;;;;;;;;;;;
1401531;;;;8;;;م . باب الرجاء للبنات;4;1;;;;;;;;;;;2;;;;;;;;;;;;;;;;;
1401532;;;;6;;;م . باب الرجاء للبنين;4;1;;;;;;;;;;;1;;;;;;;;;;;;;;;;;
