list_name;name;label::Arab (ar);sector
locality;1;محلة 101;280001
locality;2;محلة 102;280002
locality;3;محلة 103;280003
locality;4;محلة 104;280004
locality;5;محلة 105;280005
locality;6;محلة 106;280006
locality;7;محلة 107;280007
locality;8;محلة 108;280008
locality;9;محلة 109;280009
locality;10;محلة 110;280010
locality;11;محلة 111;280011
locality;12;محلة 112;280012
locality;13;محلة 113;280013
locality;14;محلة 114;280014
locality;15;محلة 116;280014
locality;16;محلة 115;280016
locality;17;محلة 117;280017
locality;18;محلة 119;280017
locality;19;محلة 118;280019
locality;20;محلة 120;280020
locality;21;محلة 122;280020
locality;22;محلة 124;280020
locality;23;محلة 121;280023
locality;24;محلة 123;280024
locality;25;محلة 125;280025
locality;26;محلة 126;280026
locality;27;محلة 127;280027
locality;28;محلة 129;280027
locality;29;محلة 131;280027
locality;30;محلة 133;280027
locality;31;محلة 128;280031
locality;32;محلة 130;280031
locality;33;محلة 132;280031
locality;34;محلة 135;280034
locality;35;محلة 137;280034
locality;36;محلة 139;280034
locality;37;محلة 141;280034
locality;38;محلة 134;280038
locality;39;محلة 136;280038
locality;40;محلة 138;280038
locality;41;محلة 140;280038
locality;42;محلة 201;280042
locality;43;محلة 203;280043
locality;44;محلة 204;280044
locality;45;محلة 205;280045
locality;46;محلة 207;280046
locality;47;محلة 209;280047
locality;48;محلة 206;280048
locality;49;محلة 208;280049
locality;50;محلة 210;280050
locality;51;محلة 211;280051
locality;52;محلة 212;280052
locality;53;محلة 213;280053
locality;54;محلة 214;280054
locality;55;محلة 216;280055
locality;56;محلة 218;280056
locality;57;محلة 220;280057
locality;58;محلة 222;280058
locality;59;محلة 224;280059
locality;60;محلة 226;280060
locality;61;محلة 301;280061
locality;62;محلة 302;280062
locality;63;محلة 304;280062
locality;64;محلة 308;280062
locality;65;محلة 310;280062
locality;66;محلة 303;280066
locality;67;محلة 306;280067
locality;68;محلة 312;280067
locality;69;محلة 314;280067
locality;70;محلة 316;280067
locality;71;محلة 318;280071
locality;72;محلة 320;280071
locality;73;محلة 322;280071
locality;74;محلة 324;280074
locality;75;محلة 326;280074
locality;76;محلة 328;280074
locality;77;محلة 330;280074
locality;78;محلة 332;280074
locality;79;محلة 334;280079
locality;80;محلة 336;280079
locality;81;محلة 338;280081
locality;82;محلة 340;280081
locality;83;محلة 342;280081
locality;84;محلة 344;280081
locality;85;محلة 401;280085
locality;86;محلة 403;280085
locality;87;محلة 405;280085
locality;88;محلة 407;280085
locality;89;محلة 409;280085
locality;90;محلة 402;280090
locality;91;محلة 404;280090
locality;92;محلة 406;280090
locality;93;محلة 408;280093
locality;94;محلة 410;280094
locality;95;محلة 412;280094
locality;96;محلة 414;280096
locality;97;محلة 411;280097
locality;98;محلة 413;280097
locality;99;محلة 415;280097
locality;100;محلة 417;280097
locality;101;محلة 419;280097
locality;102;محلة 421;280097
locality;103;محلة 416;280103
locality;104;محلة 420;280103
locality;105;محلة 424;280103
locality;106;محلة 418;280106
locality;107;محلة 422;280106
locality;108;محلة 426;280108
locality;109;محلة 428;280109
locality;110;محلة 430;280110
locality;111;محلة 432;280110
locality;112;محلة 434;280110
locality;113;محلة 436;280110
locality;114;محلة 438;280110
locality;115;محلة 440;280110
locality;116;محلة 442;280110
locality;117;محلة 444;280117
locality;118;محلة 446;280118
locality;119;محلة 448;280119
locality;120;محلة 450;280120
locality;121;محلة 452;280121
locality;122;محلة 454;280122
locality;123;محلة 1;280123
locality;124;محلة 2;280123
locality;125;محلة 3;280123
locality;126;محلة 4;280123
locality;127;محلة 5;280123
locality;128;محلة 6;280123
locality;129;محلة 7;280129
locality;130;محلة 8;280130
locality;131;محلة 9;280131
locality;132;"قرية جزيرة النجف الجنوبية 
الشرقية";280181
locality;133;"شواطئ بحر النجف الشمالية 
الشرقية (سكن متناثر)";280182
locality;134;يمين شارع كربلاء (خلف المطحنة);280183
locality;135;يسار شارع كربلاء;280183
locality;136;قرية شواطئ بحر النجف الغربى;280185
locality;137;بساتين جدول السدير الشرقية (سكن متناثر);280186
locality;138;بساتين جدول السدير الوسطى (سكن متناثر);280187
locality;139;بساتين جدول السدير الغربية (سكن متناثر);280188
locality;140;محلة 103;280238
locality;141;محلة 105;280238
locality;142;محلة 107;280238
locality;143;محلة 109;280238
locality;144;محلة 111;280238
locality;145;محلة 104;280243
locality;146;محلة 106;280244
locality;147;محلة 108;280245
locality;148;محلة 110;280246
locality;149;محلة 112;280247
locality;150;محلة 116;280248
locality;151;قرية يسار شارع كربلاء;280298
locality;152;قرية يمين شارع كربلاء;280298
locality;153;"قرية جزيرة النجف الشمالية الغربية
(خالية)";280300
locality;154;قرية جزره الوسميه الجنوبيه;280301
locality;155;قرية اراضي وبساتين الوسيمه الشماليه;280302
locality;156;قرية اراضي وبساتين الكريعه;280303
locality;157;قرية البو عوده;280304
locality;158;قرية حاج زغير;280304
locality;159;قرية الشايب;280304
locality;160;قرية سيد مجدى;280304
locality;161;قرية البو هانى;280304
locality;162;قرية علي ال محمد;280309
locality;163;قرية البو ميحس (ال مجيد);280309
locality;164;قرية قاسم جواد;280311
locality;165;قرية حسن محمد سلمان;280311
locality;166;قرية عبود الحسن;280311
locality;167;قرية البو دغموث;280311
locality;168;قرية البو دغموث;280315
locality;169;قرية حاج حسون;280315
locality;170;قرية حجاوي;280317
locality;171;قرية علي عبيد سلمان;280317
locality;172;قرية البو صالح النايف;280319
locality;173;قرية البو نعيس;280319
locality;174;قرية السادة البو فريحه;280321
locality;175;قرية ابراهيم شهيب;280321
locality;176;قرية اولاد عبد الامير حرج;280321
locality;177;قرية البو سيد جبر;280324
locality;178;قرية البو هليوى;280324
locality;179;قرية سيد جعفر;280324
locality;180;قرية سيد حمادى;280324
locality;181;قرية البو هواد;280324
locality;182;قرية البو حجيل;280324
locality;183;قرية الرمله;280330
locality;184;قرية البو فريحه;280330
locality;185;قرية البو كشمر;280330
locality;186;قرية البو فريحه;280333
locality;187;قرية البو حرج;280333
locality;188;قرية ام نغيفه;280335
locality;189;قرية الجديدة;280336
locality;190;قرية اعريبي والبو عويل;280337
locality;191;قرية علي عبيد السعد;280337
locality;192;قرية عبيد آل السعد;280339
locality;193;قرية تايه عبود;280339
locality;194;قرية اراضي وبساتين المنيثر الجنوبى;280341
locality;195;قرية المنيثر الشمالى;280342
locality;196;قرية البو هدمه;280342
locality;197;قرية البو صلال;280342
locality;198;قرية البو تفيجه;280345
locality;199;قرية هاشم اشجير;280345
locality;200;محلة 1;280396
locality;201;قرية بئر واكصر (بدو);280446
locality;202;قرية بئر الجماعية (بدو);280446
locality;203;قرية بئر العينال (بدو);280446
locality;204;قرية بئر العميت (بدو);280446
locality;205;قرية بئر الصحن (بدو);280446
locality;206;قرية بئر منسجح (بدو);280446
locality;207;قرية بئر بريجه (بدو);280446
locality;208;قرية بئر الكاحية (بدو);280446
locality;209;قرية بئر السجر (بدو);280446
locality;210;قرية بئر حميرون (بدو);280446
locality;211;قرية بئر القوته (بدو);280446
locality;212;قرية بئر المعانية (بدو);280446
locality;213;قرية بئر الصعابيه (بدو);280446
locality;214;قرية بئر الجميليه (بدو);280446
locality;215;قرية بئر عكاشات (بدو);280446
locality;216;قرية بئر مسجيد (بدو);280446
locality;217;قرية بئر الحلويات (بدو);280446
locality;218;قرية بئر عيثامين (بدو);280446
locality;219;قرية بئر المشراق (بدو);280446
locality;220;قرية الدعوم;280514
locality;221;قرية الداخلة الشمالية;280514
locality;222;قرية الدعوم;280516
locality;223;قرية الخشانية;280516
locality;224;قرية الدلية;280516
locality;225;قرية جزيرة النجف الجنوبية الشرقية;280519
locality;226;قرية قرية حصوة الخورنق;280520
locality;227;قرية الغزالات الشمالية (خالية);280521
locality;228;قرية الغزالات (سكن متناثر);280522
locality;229;قرية عيون الشجيج;280523
locality;230;قرية الرحبة;280524
locality;231;محلة 101;280574
locality;232;قرية بحر النجف الشمالية;280624
locality;233;قرية بحر النجف الجنوبي;280625
locality;234;قرية العزيه;280626
locality;235;قرية الاساويد;280626
locality;236;قرية الرهيمه;280628
locality;237;قرية بحر النجف الغربي (سكن متناثر);280629
locality;238;قرية عيون المستراحة والاثلة  (سكن متناثر);280630
locality;239;قرية عيون الرهبان;280631
locality;240;قرية العدل;280632
locality;241;قرية مظلوم;280632
locality;242;قرية بحر النجف الشرقي (سكن متناثر);280634
locality;243;قرية الحياضيه;280635
locality;244;قرية عيون سيد عبود وماجاورها (سكن متناثر);280636
locality;245;قرية اراضي فيضة الفار والمرات (سكن متناثر);280637
locality;246;قرية الشداد;280638
locality;247;قرية وادي الملح الجنوبي وعين كرماشة (سكن متناثر);280639
locality;248;محلة 201;280689
locality;249;محلة 202;280690
locality;250;محلة 203;280691
locality;251;محلة 204;280692
locality;252;محلة 205;280693
locality;253;محلة 206;280694
locality;254;محلة 207;280695
locality;255;محلة 208;280696
locality;256;محلة 209;280697
locality;257;محلة 210;280698
locality;258;محلة 211;280699
locality;259;محلة 212;280700
locality;260;محلة 213;280701
locality;261;محلة 214;280702
locality;262;محلة 215;280703
locality;263;محلة 216;280704
locality;264;محلة 217;280705
locality;265;محلة 218;280706
locality;266;محلة 220;280707
locality;267;محلة 222;280708
locality;268;محلة 224;280709
locality;269;محلة 228;280710
locality;270;محلة 230;280711
locality;271;محلة 232;280711
locality;272;محلة 234;280711
locality;273;محلة 236;280711
locality;274;محلة 238;280711
locality;275;محلة 240;280711
locality;276;محلة 242;280711
locality;277;محلة 244;280711
locality;278;محلة 246;280719
locality;279;محلة 248;280720
locality;280;محلة 250;280721
locality;281;محلة 252;280722
locality;282;قرية الكريشات الشمالية;280772
locality;283;قرية الكريشات الجنوبية / 1;280773
locality;284;قرية الكريشات الجنوبية / 2;280773
locality;285;قرية الجزرة;280775
locality;286;قرية جزيره النجف الجنوبيه الشرقيه;280776
locality;287;قرية  ام الذهب;280777
locality;288;قرية السعبري1;280778
locality;289;قرية السعبري2;280778
locality;290;قرية  دور معمل الجلود;280778
locality;291;قرية الخزاعل;280778
locality;292;قرية  الفحيل;280778
locality;293;قرية  سيد صالح;280778
locality;294;قرية دور معمل الخليج العربي;280778
locality;295;قرية الحصيم;280778
locality;296;قرية دور الحوزة;280778
locality;297;قرية تجاوزات معمل الاسمنت (حي الصدر 3);280778
locality;298;قرية السهيلية الجنوبية;280788
locality;299;قرية جزرة النقيب;280789
locality;300;قرية البو ماضي;280790
locality;301;قرية عرب مهدي;280791
locality;302;قرية علوة الفحل الجنوبية;280792
locality;303;قرية علوة الفحل الشمالية;280793
locality;304;قرية علوة الفحل الغربية;280794
locality;305;"قرية دور تجاوز
السهلة (الحساوية)";280794
locality;306;قرية البو ماضي;280796
locality;307;قرية البو حداري الشمالية;280797
locality;308;قرية البراكية الشمالية;280798
locality;309;قرية البراكية الجنوبية (الكمب);280799
locality;310;قرية البو حداري;280800
locality;311;قرية البو خنجر;280800
locality;312;قرية البو حداري الجنوبية / 1;280802
locality;313;قرية البو حداري الجنوبية / 2;280802
locality;314;قرية البو حداري الشرقية;280804
locality;315;قرية البو ماضي الوسطى;280805
locality;316;قرية كريزان وام الجلة الشمالية;280806
locality;317;قرية البازول;280807
locality;318;قرية البو نعمان;280807
locality;319;قرية البو راجي;280807
locality;320;قرية كريزان وأم الجلة الجنوبية;280810
locality;321;قرية البو الرماحي;280811
locality;322;قرية البو كمش;280811
locality;323;قرية نفاخ البو حداري الجنوبية;280813
locality;324;قرية البو شيخ مشهد;280814
locality;325;قرية الزرفات;280815
locality;326;قرية الجعافرة الشمالية;280816
locality;327;قرية البو محيسن الكعباوي;280817
locality;328;قرية الحيادر;280817
locality;329;قرية الخزاعل;280817
locality;330;قرية كطعة آل عيسى الشمالية;280820
locality;331;قرية البيرمان;280820
locality;332;قرية كطعة آل عيسى الوسطى;280822
locality;333;قرية كطعة آل عيسى الجنوبية;280823
locality;334;قرية خرخيت;280824
locality;335;قرية محسن خشان;280824
locality;336;قرية الحواتم;280826
locality;337;قرية ام منينة;280827
locality;338;قرية الزركة;280828
locality;339;محلة 1;280878
locality;340;محلة 101;280879
locality;341;محلة 102;280880
locality;342;محلة 103;280881
locality;343;محلة 104;280882
locality;344;محلة 105;280883
locality;345;محلة 106;280884
locality;346;محلة 107;280885
locality;347;محلة 108;280886
locality;348;محلة 109;280887
locality;349;محلة 110;280888
locality;350;محلة 111;280889
locality;351;محلة 112;280890
locality;352;محلة 113;280891
locality;353;محلة 114;280892
locality;354;قرية البدعة;280942
locality;355;قرية العدل;280942
locality;356;قرية الوهابي;280942
locality;357;قرية ابو غرب;280942
locality;358;قرية العريان;280942
locality;359;قرية الترمن;280942
locality;360;قرية الحيدرى;280942
locality;361;قرية النواعير;280942
locality;362;قرية الخيكان;280942
locality;363;قرية الجنابات;280942
locality;364;قرية الفتحي;280942
locality;365;قرية جوبان;280953
locality;366;قرية بساتين الجوبان;280954
locality;367;قرية الجماردي;280955
locality;368;قرية مجاتيم العنب الشمالية;280956
locality;369;قرية مجاتيم العنب الجنوبية;280957
locality;370;قرية الشريمة الشمالية;280958
locality;371;قرية الشريمة الجنوبيه;280959
locality;372;قرية جزرة النفاخ;280960
locality;373;قرية المحانية ال سيد عبود;280961
locality;374;قرية العريان;280961
locality;375;قرية سيد مليح علاج;280961
locality;376;قرية ابو غرب;280961
locality;377;قرية الوهابي;280961
locality;378;قرية الاخبارية;280966
locality;379;قرية الكاظمى;280966
locality;380;قرية المحانيه;280966
locality;381;قرية العريان;280966
locality;382;قرية البو عريف 1;280970
locality;383;قرية الاعمى;280970
locality;384;قرية البو عريف 2;280970
locality;385;قرية الفتحي;280970
locality;386;قرية جزار ال دهيم;280974
locality;387;قرية عبود كاظم;280975
locality;388;قرية المجاتيم;280975
locality;389;قرية الحواتم;280975
locality;390;قرية الحواتم;280978
locality;391;قرية السادة ال بو خلوف;280978
locality;392;قرية النفافخية;280980
locality;393;قرية الجقيرة;280981
locality;394;قرية البو مكرود;280982
locality;395;قرية 9 نيسان;280982
locality;396;قرية الشرمان;280984
locality;397;قرية ال بو فارس;280985
locality;398;قرية الشوافع;280985
locality;399;قرية الخدية;280987
locality;400;قرية البو عريف;280987
locality;401;قرية ال هزام;280987
locality;402;قرية كريزان;280990
locality;403;قرية السيح والبلبولية;280991
locality;404;قرية الشرمان;280992
locality;405;قرية ابو شوره;280993
locality;406;قرية ال دهيم;280994
locality;407;قرية عريبات الساده (ال بو ناصر);280995
locality;408;قرية الهدويه;280996
locality;409;قرية البو مذري;280996
locality;410;قرية العبلوميه;280998
locality;411;قرية الهطروجية(مجيلع);280999
locality;412;قرية ثلث الخرابه;281000
locality;413;قرية البوعزيب;281001
locality;414;قرية ال مواش;281002
locality;415;قرية ابو ضباع;281003
locality;416;قرية ال مواش اهل الجدية;281003
locality;417;قرية ثلث خرابة ال راوي;281005
locality;418;قرية الحد والجدية;281005
locality;419;قرية ال بجاي;281007
locality;420;قرية ال جبار;281007
locality;421;قرية البو عبيد;281009
locality;422;قرية ال علي اهل الطينة;281010
locality;423;قرية البلانة وام بصل;281011
locality;424;قرية الحميدات;281012
locality;425;قرية السادة الجوابر;281013
locality;426;قرية البو شيخ مشهد;281014
locality;427;قرية خرخيت;281015
locality;428;قرية الحميسية;281016
locality;429;قرية الشبانات;281016
locality;430;قرية العصرية;281018
locality;431;قرية ال بو دحيدح;281018
locality;432;قرية ال عيسى;281020
locality;433;قرية ال عيسى;281021
locality;434;قرية ال ختلان;281021
locality;435;قرية الجعافره;281023
locality;436;قرية ال حصموت;281023
locality;437;قرية البو دحيدح;281023
locality;438;قرية أبو ذهب;281026
locality;439;قرية الجدبة;281027
locality;440;قرية الجنابات وال فتله;281028
locality;441;قرية ال فتلة;281028
locality;442;قرية ال بدير ابو دوانيج;281030
locality;443;قرية ال بدير والبو كفوف الشماليه;281030
locality;444;قرية ال بدير;281030
locality;445;قرية الطويله;281033
locality;446;قرية مصيخنة;281034
locality;447;قرية ال بدير وابو كفوف الجنوبيه;281035
locality;448;قرية البو موجد;281035
locality;449;محلة 102;281086
locality;450;محلة 104;281087
locality;451;محلة 107;281088
locality;452;محلة 109;281089
locality;453;محلة 111;281090
locality;454;محلة 113;281091
locality;455;محلة 115;281092
locality;456;قرية سيد رحيم آل المحنة;281142
locality;457;قرية سيد هاني كرمز;281142
locality;458;قرية راضي عبد العباس;281144
locality;459;قرية البو عارضي;281145
locality;460;قرية ابو حلان;281146
locality;461;قرية النيل;281146
locality;462;قرية الغزالي;281146
locality;463;قرية العيون;281146
locality;464;قرية السادة الاميال;281146
locality;465;قرية الرمل (السادة الصافي);281151
locality;466;قرية السريدات;281152
locality;467;قرية ال عباس;281153
locality;468;قرية السريدات;281154
locality;469;قرية المجاتيم;281155
locality;470;قرية المجاتيم;281156
locality;471;قرية كتاب آل كنطار;281156
locality;472;قرية البزل;281158
locality;473;قرية ابو حلان;281159
locality;474;قرية البو عارضي;281160
locality;475;قرية المعافاة;281160
locality;476;قرية أبو حلان;281162
locality;477;قرية سيد زبر;281162
locality;478;قرية المجاتيم;281164
locality;479;قرية الخماسي;281165
locality;480;قرية ابو حلان;281166
locality;481;قرية الخماسي;281167
locality;482;قرية الخماسي;281168
locality;483;قرية الحمام;281169
locality;484;محلة 101;281219
locality;485;محلة 102;281220
locality;486;محلة 103;281221
locality;487;محلة 104;281222
locality;488;محلة 105;281223
locality;489;محلة 106;281224
locality;490;محلة 107;281225
locality;491;محلة 108;281226
locality;492;محلة 109;281227
locality;493;محلة 111;281227
locality;494;محلة 110;281229
locality;495;محلة 112;281230
locality;496;محلة 113;281231
locality;497;محلة 114;281232
locality;498;محلة 115;281233
locality;499;محلة 116;281234
locality;500;محلة 117;281235
locality;501;محلة 118;281236
locality;502;محلة 119;281237
locality;503;محلة 120;281238
locality;504;محلة 122;281239
locality;505;محلة 124;281240
locality;506;محلة 126;281241
locality;507;محلة 128;281242
locality;508;محلة 130;281243
locality;509;محلة 132;281244
locality;510;محلة 134;281245
locality;511;محلة 136;281246
locality;512;محلة 138;281247
locality;513;محلة 140;281248
locality;514;محلة 142;281249
locality;515;قرية حصوة الخورنق ج1;281299
locality;516;قرية المحجرة (الجلابات);281300
locality;517;قرية البركات ضمنة ابو صخير;281301
locality;518;قرية سيد محمد;281302
locality;519;قرية الحاج عباس;281302
locality;520;قرية البخاترة;281302
locality;521;قرية ال عذاب;281302
locality;522;قرية عبيد فزع;281302
locality;523;قرية البوعلوان;281302
locality;524;قرية الجبور;281302
locality;525;قرية آلبو رويعي;281309
locality;526;قرية آل سيد داود;281309
locality;527;قرية البو صخيل;281311
locality;528;قرية البو راضي;281311
locality;529;قرية الجزرة والجزار;281313
locality;530;قرية جزرة البخاترة;281314
locality;531;قرية السادة المدارسة;281315
locality;532;قرية الشبانات;281316
locality;533;قرية عبد الحسين تاجر;281316
locality;534;قرية فهد موسى;281316
locality;535;قرية قرية الحساوي;281316
locality;536;قرية ال سالم;281316
locality;537;قرية الدعوم;281316
locality;538;قرية كشخيل;281322
locality;539;قرية البو شنين;281323
locality;540;قرية الفيادة;281324
locality;541;قرية الزرفات;281324
locality;542;قرية شاكر محمد ذهب;281326
locality;543;محلة 1;281376
locality;544;محلة 101;281377
locality;545;محلة 102;281378
locality;546;محلة 103;281379
locality;547;محلة 104;281380
locality;548;محلة 105;281381
locality;549;محلة 106;281382
locality;550;محلة 107;281383
locality;551;محلة 108;281384
locality;552;محلة 109;281385
locality;553;محلة 110;281386
locality;554;محلة 111;281387
locality;555;محلة 112;281388
locality;556;قرية الثواير (سكن متناثر);281438
locality;557;قرية الكاولي;281439
locality;558;قرية الصنين;281440
locality;559;قرية الحفيرات;281440
locality;560;قرية البو ندى;281440
locality;561;قرية البو السود;281443
locality;562;قرية بساتين البركات ضمنة المليبيج;281444
locality;563;قرية بساتين الثوابر(خالية);281445
locality;564;قرية الرويطات;281446
locality;565;قرية الايشان;281447
locality;566;قرية أراضي ضمنة المنبطح (خالية);281448
locality;567;قرية البو كيلان;281449
locality;568;قرية العبودة;281450
locality;569;قرية ال شبل (اراضي خالية);281451
locality;570;متجاوزين1;281452
locality;571;متجاوزين2;281452
locality;572;قرية آل زجري;281454
locality;573;قرية البو دوش;281455
locality;574;قرية آل حواس;281456
locality;575;قرية آل سيد عسكر;281456
locality;576;قرية العكرات;281458
locality;577;قرية الجنابات الشرقية;281458
locality;578;قرية الدسم;281460
locality;579;قرية الجنابات;281460
locality;580;قرية البو عويمر;281462
locality;581;قرية بساتين ضمنة الملوية الصغيرة;281463
locality;582;قرية المراشدة 1+ اراضي زراعية;281464
locality;583;الملوية الكبيرة;281465
locality;584;قرية متجاوزين1;281466
locality;585;قرية متجاوزين2;281466
locality;586;قرية الرويطات الشمالية;281468
locality;587;قرية البو ردين;281469
locality;588;قرية البو حرين;281469
locality;589;قرية آل بجاي;281471
locality;590;قرية الدعوم;281472
locality;591;قرية ال زجري;281473
locality;592;قرية آل نزال + اراضي زراعية;281474
locality;593;قرية الحجامية;281475
locality;594;قرية التركية;281476
locality;595;قرية الشاهرية;281477
locality;596;قرية البصرية;281478
locality;597;قرية العذارية;281479
locality;598;قرية البو شور;281480
locality;599;قرية الطرة;281481
locality;600;قرية البو خريف;281482
locality;601;قرية الشاهرية;281483
locality;602;قرية الرميلة;281484
locality;603;قرية العزامية+اراضي خالية;281485
locality;604;قرية الجنابات الشرقية;281486
locality;605;قرية ثلث آل شطنان + اراضي خالية;281487
locality;606;قرية آل شطنان;281488
locality;607;قرية الكوام+ اراضي خالية;281489
locality;608;قرية الكرنة;281490
locality;609;قرية البو دمير;281491
locality;610;قرية الرميلة;281492
locality;611;محلة 101;281542
locality;612;محلة 201;281543
locality;613;محلة 203;281544
locality;614;محلة 205;281545
locality;615;محلة 207;281546
locality;616;محلة 209;281547
locality;617;محلة 211;281548
locality;618;محلة 213;281549
locality;619;محلة 215;281550
locality;620;محلة 217;281551
locality;621;محلة 219;281552
locality;622;محلة 401;281553
locality;623;محلة 403;281554
locality;624;قرية الامام الحسن  (ذات طابع حضري);281604
locality;625;قرية ايمن السوارية (ذات طابع حضري);281604
locality;626;قرية الوساد (تجاوز حي المعلمين);281606
locality;627;قرية صدور الدبينية;281607
locality;628;قرية الزيدية;281608
locality;629;قرية جويحة;281609
locality;630;قرية ام اللواثات;281610
locality;631;قرية ال عبد عباس;281611
locality;632;قرية شويلة مزهر;281611
locality;633;قرية الهلالية;281613
locality;634;قرية المجيهيلة الشرقية;281614
locality;635;قرية ام تولة;281614
locality;636;قرية مجيهيلة الغربية;281616
locality;637;قرية النوفانية;281617
locality;638;قرية ام عريف الشرقية;281618
locality;639;قرية الجفلاوية;281619
locality;640;قرية الهارمية;281620
locality;641;قرية الكص;281620
locality;642;قرية الكشكولية;281622
locality;643;قرية الكشكولية من جحات;281622
locality;644;قرية كطعة الزرفات;281624
locality;645;قرية راك الحصوة;281624
locality;646;قرية سوارية الكيم;281626
locality;647;قرية ايسر السوارية;281626
locality;648;قرية ابو صفصافة;281628
locality;649;قرية شويلة الفيادة;281629
locality;650;قرية السوارية اليمنى;281629
locality;651;قرية ابو واوية;281631
locality;652;قرية ابو الربي;281631
locality;653;قرية الزنكه;281631
locality;654;قرية الجعباوي;281631
locality;655;قرية الاربعة;281631
locality;656;قرية ام عريف الغربية;281636
locality;657;قرية الجلادية;281637
locality;658;قرية ام حريجة (ال سيد عبدالله);281638
locality;659;قرية قرية جاير آل فرعون;281639
locality;660;قرية الحسانية;281639
locality;661;قرية الكوثري;281641
locality;662;قرية الجزرة;281642
locality;663;قرية ام ليرة;281642
locality;664;قرية طبر ال ابراهيم;281644
locality;665;قرية قرية كطعة عبد الواحد;281645
locality;666;قرية ال بروش;281646
locality;667;قرية المراشدة;281646
locality;668;قرية ال علوان;281646
locality;669;قرية ال عبود;281646
locality;670;قرية طبر سيد علوان;281650
locality;671;قرية المولاني;281650
locality;672;قرية راك الحصوة;281650
locality;673;قرية العايش;281650
locality;674;قرية ال فريحة;281654
locality;675;قرية السادة العرد;281654
locality;676;قرية الجاير البو مجاوير;281656
locality;677;قرية الفيادة;281656
locality;678;قرية دبات ام خشم;281656
locality;679;قرية ال غضيب;281656
locality;680;قرية سوريا;281656
locality;681;قرية الجاير;281656
locality;682;قرية سيد محسن الياسري;281662
locality;683;قرية البو محاسن;281662
locality;684;قرية طبر رسن;281662
locality;685;قرية ال سكر;281662
locality;686;قرية ابو حصوة;281666
locality;687;قرية العدوسية;281666
locality;688;قرية ال جيثوم;281666
locality;689;قرية السادة العذاريين;281669
locality;690;قرية ابو عاكولة;281670
locality;691;قرية هور نعيم ابو صفير;281671
locality;692;قرية طبر الهورة;281672
locality;693;قرية ابو ذهب;281672
locality;694;قرية مشرك;281674
locality;695;قرية الهركية;281675
locality;696;قرية العزامية;281675
locality;697;قرية دلكة شرقية;281677
locality;698;قرية دلكة غربية;281677
locality;699;قرية صبخاية من الهارمية;281679
locality;700;قرية عصيود;281679
locality;701;قرية العزامية;281681
locality;702;قرية هور فريق مزهر;281681
locality;703;قرية طبر سيد نور;281683
locality;704;قرية بريهي;281684
locality;705;قرية  صدورالبريهي;281684
locality;706;قرية النفاخية;281686
locality;707;قرية الجباب;281687
locality;708;قرية ال كيم;281688
locality;709;قرية ال سيد حمود;281689
locality;710;قرية الغميج;281689
locality;711;قرية اصليبي;281689
locality;712;قرية ام عرده ال سيد حسون;281692
locality;713;قرية قرية طبر آل ابراهيم;281693
locality;714;قرية العيله;281694
locality;715;قرية ابو عجل;281695
locality;716;قرية  المخرمش;281696
locality;717;قرية جابرابو الريحة;281697
locality;718;قرية ابحاث الرز;281697
locality;719;قرية طبر ال ابراهيم;281699
locality;720;قرية ال كيم;281700
locality;721;قرية ابو صفصافة;281700
locality;722;قرية طبر ال ابراهيم;281702
locality;723;محلة 101;281752
locality;724;محلة 102;281753
locality;725;محلة 103;281754
locality;726;محلة 104;281755
locality;727;محلة 201;281755
locality;728;محلة 203;281755
locality;729;محلة 205;281755
locality;730;قرية رمل ام بزونة;281808
locality;731;قرية ام البط الغربية;281809
locality;732;قرية الغزالية;281810
locality;733;قرية الجبلانية;281810
locality;734;قرية الكفاصة;281810
locality;735;قرية الكرارة;281810
locality;736;قرية الشاطي;281814
locality;737;قرية الشرتة;281815
locality;738;قرية التوبي;281815
locality;739;قرية المكير;281815
locality;740;قرية ال سيد علوان (السدور);281818
locality;741;قرية ام بردية الغربية;281819
locality;742;"قرية  ام بردية الغربية ثلث البو
حمزة(سوك شعلان)";281820
locality;743;قرية ام بردية الشرقية;281821
locality;744;قرية ام رغلة حاج رباط_العجزانة;281822
locality;745;قرية قرية بيضاء(خالية);281823
locality;746;قرية جويحة;281824
locality;747;قرية ابو كهيوه;281825
locality;748;قرية ابو كريصة;281825
locality;749;قرية اخو شايعة;281827
locality;750;قرية رمل سيد نور;281828
locality;751;قرية ام دوالي;281829
locality;752;قرية ام عجاريج;281830
locality;753;قرية ام بزونة;281831
locality;754;قرية المرانة_الجزرة;281832
locality;755;قرية المرانه;281833
locality;756;قرية العبودة;281834
locality;757;قرية الاحيمر;281835
locality;758;قرية ابو عويجيلة;281836
locality;759;قرية ابو بلام;281836
locality;760;قرية المحوطة;281838
locality;761;قرية طبر عمار;281838
locality;762;قرية وادي اوعير _خالية;281840
locality;763;قرية ام دودة_خالية;281841
locality;764;قرية الدلكة;281842
locality;765;قرية الغزالي;281843
locality;766;قرية ال شبل;281844
locality;767;قرية الشويلة الجنوبية;281845
locality;768;قرية الدعارية الشرقية;281846
locality;769;قرية احيمر عتيوي الجنوبي الغربي خالية_;281847
locality;770;قرية النغيشية;281848
locality;771;قرية ام سباع;281849
locality;772;قرية البطحة;281850
locality;773;قرية الشويلة;281851
locality;774;قرية الشويلة الوسطى(ال بوحليل);281852
locality;775;قرية هور صليب الجنوبي وام صخرة;281853
locality;776;قرية الطرمة;281854
locality;777;قرية طوك ال شلاش الاولى;281855
locality;778;قرية طوك ال شلاش الثانية;281855
locality;779;قرية ام بزونة الغربية;281857
locality;780;قرية الجواسم;281857
locality;781;قرية طوك الغزالات الاولى;281859
locality;782;قرية طوك الغزالات الثانية;281859
locality;783;قرية ام تولة;281861
locality;784;قرية المشراكة;281862
locality;785;قرية العرايا;281863
locality;786;قرية ابو ركوك;281863
locality;787;قرية طبر حمادي;281863
locality;788;قرية احيمر18_ خالية;281866
locality;789;قرية العنينية_سكن متناثر;281867
locality;790;قرية ال بندر;281868
locality;791;قرية الشاطي;281869
locality;792;قرية الاحيمر12;281870
locality;793;قرية ام نعاج;281871
locality;794;قرية احيمر عتيوي الشمالي;281872
locality;795;قرية الدعارية الغربية;281873
locality;796;قرية ام الهوش;281874
locality;797;قرية العكرة;281875
locality;798;قرية العاصية;281876
locality;799;قرية البيضاء(الجلادية);281877
locality;800;قرية ام عصافير;281878
locality;801;قرية الجلادية الجنوبية;281879
locality;802;قرية المحوطة;281880
