list_name;name;label::Arab (ar);subdistrict;sch_env
sector;280001;حي الحنانة;njf_c;urb
sector;280002;حي السعد/المثنى/المنتظر;njf_c;urb
sector;280003;حي الحسين;njf_c;urb
sector;280004;حي المعلمين/المهدي/الامام علي;njf_c;urb
sector;280005;حي العلماء/العباس;njf_c;urb
sector;280006;حي عدن;njf_c;urb
sector;280007;حي الكرامة/الصحة;njf_c;urb
sector;280008;حي الإسكان/الاشتراكي;njf_c;urb
sector;280009;حي الغدير;njf_c;urb
sector;280010;حي السواق (الحوراء زينب);njf_c;urb
sector;280011;حي الفرات;njf_c;urb
sector;280012;حي الأمير;njf_c;urb
sector;280013;حي الفرات (السكني);njf_c;urb
sector;280014;حي الزهراء;njf_c;urb
sector;280016;حي العدالة (الشقق السكنية ,المنطقة الثقافية);njf_c;urb
sector;280017;حي العدالة;njf_c;urb
sector;280019;حي القادسية (الحسن);njf_c;urb
sector;280020;حي الأنصار;njf_c;urb
sector;280023;حي النفط - الأطباء;njf_c;urb
sector;280024;حي الغري;njf_c;urb
sector;280025;حي السلام الجديد;njf_c;urb
sector;280026;حي القدس الاول;njf_c;urb
sector;280027;حي السلام;njf_c;urb
sector;280031;حي الحرفيين;njf_c;urb
sector;280034;حي الجامعة;njf_c;urb
sector;280038;حي الصناع;njf_c;urb
sector;280042;حي العمارة;njf_c;urb
sector;280043;حي المشراق;njf_c;urb
sector;280044;حي منطقة استراحة الزائرين;njf_c;urb
sector;280045;حي المقبرة ومراب النقل الداخلي;njf_c;urb
sector;280046;حي المقبرة;njf_c;urb
sector;280047;حي مرقد الشهيد الصدر;njf_c;urb
sector;280048;حي الحويش;njf_c;urb
sector;280049;حي السوق الكبير;njf_c;urb
sector;280050;حي البراق;njf_c;urb
sector;280051;حي الرحمة;njf_c;urb
sector;280052;حي الشوافع;njf_c;urb
sector;280053;حي ابوطالب;njf_c;urb
sector;280054;حي الجديدة الثانية;njf_c;urb
sector;280055;حي الجديدة الأولى;njf_c;urb
sector;280056;حي الجديدة الرابعة;njf_c;urb
sector;280057;حي الجديدة الثالثة;njf_c;urb
sector;280058;حي الشرطة/الثورة;njf_c;urb
sector;280059;حي مدينة العلم;njf_c;urb
sector;280060;حي القدس الثانية;njf_c;urb
sector;280061;حي شريط العسكري (العروبة الجديد);njf_c;urb
sector;280062;حي المكرمة (الشهيد الصدر);njf_c;urb
sector;280066;حي قرية الغدير;njf_c;urb
sector;280067;حي العسكري (اليرموك);njf_c;urb
sector;280071;حي الجمعية (الرسالة);njf_c;urb
sector;280074;حي العروبة (الجزيرة);njf_c;urb
sector;280079;حي دور الهندية;njf_c;urb
sector;280081;حي الوفاء;njf_c;urb
sector;280085;حي الميلاد (القاسم);njf_c;urb
sector;280090;حي ملحق الميلاد;njf_c;urb
sector;280093;حي مجمع السلام;njf_c;urb
sector;280094;حي منطقة خدمات عامة;njf_c;urb
sector;280096;حي خدمات;njf_c;urb
sector;280097;حي النصر;njf_c;urb
sector;280103;حي مجمع ابوتراب;njf_c;urb
sector;280106;حي مجمع الزهراء;njf_c;urb
sector;280108;حي مجمع الشهداء;njf_c;urb
sector;280109;حي مجمع الريان;njf_c;urb
sector;280110;حي النداء;njf_c;urb
sector;280117;حي مجمع الاميرات;njf_c;urb
sector;280118;حي خدمات + جامعة الكفيل;njf_c;urb
sector;280119;حي مجمع بيتي الثاني;njf_c;urb
sector;280120;حي منطقة الصناعية;njf_c;urb
sector;280121;حي مجمع السلطان;njf_c;urb
sector;280122;حي مجمع بيتي الأول;njf_c;urb
sector;280123;حي ملحق النداء;njf_c;urb
sector;280129;حي مجمع النخيل;njf_c;urb
sector;280130;حي الاكاديمية الرياضية;njf_c;urb
sector;280131;حي الموظفين;njf_c;urb
sector;280181;مقاطعة 3 جزيرة النجف الجنوبية الشرقية;njf_c;rur
sector;280182;مقاطعة 4 شواطئ بحر النجف الشمالية الشرقية;njf_c;rur
sector;280183;مقاطعة 4 جزيرة النجف الشمالية الشرقية;njf_c;rur
sector;280185;مقاطعة 5 شواطئ بحر النجف الغربي;njf_c;rur
sector;280186;مقاطعة 20 بساتين جدول السدير الشرقية;njf_c;rur
sector;280187;مقاطعة 21 بساتين جدول السدير الوسطى;njf_c;rur
sector;280188;مقاطعة 22 بساتين جدول السدير الغربية;njf_c;rur
sector;280238;حي الامير;hyd;urb
sector;280243;حي القاسم;hyd;urb
sector;280244;حي الزهراء;hyd;urb
sector;280245;حي الغدير;hyd;urb
sector;280246;حي  17 ربيع الأول;hyd;urb
sector;280247;حي  السلام;hyd;urb
sector;280248;حي  الكاظم;hyd;urb
sector;280298;مقاطعة 4 جزيرة النجف الشماليه الشرقية;hyd;rur
sector;280300;مقاطعة 5 جزيرة النجف الشمالية الغربية;hyd;rur
sector;280301;مقاطعة 65 جزيرة الوسميه الجنوبيه;hyd;rur
sector;280302;مقاطعة 66 أراضي وبساتين الوسيمه الشمالية;hyd;rur
sector;280303;مقاطعة 67 أراضي وبساتين الكريعه;hyd;rur
sector;280304;مقاطعة 68 أراضي وبساتين المزوكه الشماليه;hyd;rur
sector;280309;مقاطعة 69 اراضي وبساتين المزوكه الشرقية;hyd;rur
sector;280311;مقاطعة 70 اراضي وبساتين المزوكه الجنوبيه;hyd;rur
sector;280315;مقاطعة 71 اراضي وبساتين المزوكه الغربيه;hyd;rur
sector;280317;مقاطعة 72 اراضي وبساتين المجر الجنو رن;hyd;rur
sector;280319;مقاطعة 73 اراضي وبساتين المجر الوسطاني;hyd;rur
sector;280321;مقاطعة 74 اراضي وبساتين المجر الشمالى;hyd;rur
sector;280324;مقاطعة 75 اراضي وبساتين ام الرجى الجنوبيه;hyd;rur
sector;280330;مقاطعة 76 اراضي وبساتين ام الرجى الشماليه;hyd;rur
sector;280333;مقاطعة 77 اراضي وبساتين الشبطه;hyd;rur
sector;280335;مقاطعة 78 اراضي وبساتين ام نغيفه;hyd;rur
sector;280336;مقاطعة 79 اراضي وبساتين ام نغيفه والجديده;hyd;rur
sector;280337;مقاطعة 80 اراضي وبساتين الاجدع الجنوبي;hyd;rur
sector;280339;مقاطعة 81 اراضي وبساتين الاجدع الشمالى;hyd;rur
sector;280341;مقاطعة 82 أراضي وبساتين المنيثر الجنوبي;hyd;rur
sector;280342;مقاطعة 83 اراضي وبساتين المنيثر الشمالي;hyd;rur
sector;280345;مقاطعة 199 الشمطونيه;hyd;rur
sector;280396;حي الشبكة;shb;urb
sector;280446;مقاطعة 1 شبكة;shb;rur
sector;280514;مقاطعة 1 بحر النجف الشمالية;rdw;rur
sector;280516;مقاطعة 2 بحر النجف الجنوبيه;rdw;rur
sector;280519;مقاطعة 3 جزيرة النجف الجنوبية الشرقية;rdw;rur
sector;280520;مقاطعة 3 حصوة الخورنق;rdw;rur
sector;280521;مقاطعة 9 اراضي الغزالات الشمالية;rdw;rur
sector;280522;مقاطعة 23 اراضي الغزالات الجنوبية;rdw;rur
sector;280523;مقاطعة 24 عيون الشجيج;rdw;rur
sector;280524;مقاطعة 25 الرحبه;rdw;rur
sector;280574;حي النور;nur;urb
sector;280624;مقاطعة 1 بحر النجف الشمالية;nur;rur
sector;280625;مقاطعة 2 بحر النجف الجنوبي;nur;rur
sector;280626;مقاطعة 8 العزية والاساويد والاعاريج;nur;rur
sector;280628;مقاطعة 9 الرهيمه;nur;rur
sector;280629;مقاطعة 11 بحر النجف الغربي;nur;rur
sector;280630;مقاطعة 12 عيون المستراحة والاثلة;nur;rur
sector;280631;مقاطعة 13 عيون الرهبان;nur;rur
sector;280632;مقاطعة 14 اراضي المسحب ومظلوم;nur;rur
sector;280634;مقاطعة 15 بحر النجف الشرقي;nur;rur
sector;280635;مقاطعة 16 وادي الخر ووادي الملح;nur;rur
sector;280636;مقاطعة 17عيون سيد عبود وماجاورها;nur;rur
sector;280637;مقاطعة 18 اراضي فيضة الفار والمرات;nur;rur
sector;280638;مقاطعة 19 وادي الخمسات و الرهيمات;nur;rur
sector;280639;مقاطعة 23 وادي الملح الجنوبي وعين كرماشة;nur;rur
sector;280689;حي الفرات1;kfa_c;urb
sector;280690;حي الرشادية;kfa_c;urb
sector;280691;حي الفرات2;kfa_c;urb
sector;280692;حي السراي;kfa_c;urb
sector;280693;حي السفير;kfa_c;urb
sector;280694;حي الجمهورية;kfa_c;urb
sector;280695;حي ميثم التمار;kfa_c;urb
sector;280696;حي الوقف;kfa_c;urb
sector;280697;حي دور معمل الاسمنت (دور العمال سابقا);kfa_c;urb
sector;280698;حي المعلمين1;kfa_c;urb
sector;280699;حي الشعراء;kfa_c;urb
sector;280700;حي المتنبي;kfa_c;urb
sector;280701;حي الصحية;kfa_c;urb
sector;280702;حي الجامعة;kfa_c;urb
sector;280703;حي المعلمين2;kfa_c;urb
sector;280704;حي السهيلية;kfa_c;urb
sector;280705;حي كندة الثانية;kfa_c;urb
sector;280706;حي العسكري;kfa_c;urb
sector;280707;حي كندة الأولى;kfa_c;urb
sector;280708;حي سيد ابراهيم;kfa_c;urb
sector;280709;حي تجاوزات السهلة;kfa_c;urb
sector;280710;حي الشرطة;kfa_c;urb
sector;280711;حي ميسان;kfa_c;urb
sector;280719;حي المقداد_ البو ماضي;kfa_c;urb
sector;280720;حي محيلة تجاوز1;kfa_c;urb
sector;280721;حي دور الأساتذة (حي جامعة الكوفة);kfa_c;urb
sector;280722;حي الحوراء زينب (افرازات جديدة);kfa_c;urb
sector;280772;مقاطعة 1 بساتين واراضي الكريشات الشمالية;kfa_c;rur
sector;280773;مقاطعة 2 بساتين واراضي الكريشات الجنوبية;kfa_c;rur
sector;280775;مقاطعة 3 جزرة البو شخير والسيد علي;kfa_c;rur
sector;280776;مقاطعة 3 جزيرة النجف الجنوبية الشرقية;kfa_c;rur
sector;280777;مقاطعة 4 بساتين واراضي ام الذهب;kfa_c;rur
sector;280778;مقاطعة 5 كري سعدة;kfa_c;rur
sector;280788;مقاطعة 7 بساتين واراضي السهيليه الجنوبيه;kfa_c;rur
sector;280789;مقاطعة 12 جزرة النقيب والبو شيخ مشهد;kfa_c;rur
sector;280790;مقاطعة 13 بساتين واراضي شاطئ البوماضي;kfa_c;rur
sector;280791;مقاطعة 14 بساتين واراضي السهيلية الشماليه;kfa_c;rur
sector;280792;مقاطعة 15 بساتين واراضي علوة الفحل جانب الايمن;kfa_c;rur
sector;280793;مقاطعة 16بساتين واراضي علوة الفحل جانب الايمن;kfa_c;rur
sector;280794;مقاطعة 18 بساتين واراضي علوة الفحل جانب الايمن;kfa_c;rur
sector;280796;مقاطعة 19 بساتين واراضي البو ماضي والنواجي;kfa_c;rur
sector;280797;مقاطعة 20 بساتين واراضي البو حداري الشماليه;kfa_c;rur
sector;280798;مقاطعة 21 بساتين واراضي البراكية الشمالية;kfa_c;rur
sector;280799;مقاطعة 22 بساتين واراضي البراكية الجنوبيه;kfa_c;rur
sector;280800;مقاطعة 23 بساتين واراضي علوة الفحل الجانب الايسر;kfa_c;rur
sector;280802;مقاطعة 24 بساتين واراضي البو حداري الجنوبيه;kfa_c;rur
sector;280804;مقاطعة 25 بساتين واراضي البو حداري الشرقية;kfa_c;rur
sector;280805;مقاطعة 26 البو ماضي الوسطى;kfa_c;rur
sector;280806;مقاطعة 26 كريزان وأم الجلة الشمالية;kfa_c;rur
sector;280807;مقاطعة 27 البو نعمان;kfa_c;rur
sector;280810;مقاطعة 27 كريزان وأم الجلة الجنوبية;kfa_c;rur
sector;280811;مقاطعة 28 مالحة البو نعمان;kfa_c;rur
sector;280813;مقاطعة 28 نفاخ البوحداري;kfa_c;rur
sector;280814;مقاطعة 29 بساتين واراضي البو شيخ مشهد;kfa_c;rur
sector;280815;مقاطعة 30 بساتين واراضي الزرفات;kfa_c;rur
sector;280816;مقاطعة 31 بساتين واراضي الجعافرة الشماليه;kfa_c;rur
sector;280817;مقاطعة 32 أراضي وبساتين الجعافرة الجنوبيه;kfa_c;rur
sector;280820;مقاطعة 33 أراضي وبساتين كطعة ال عيسى الشماليه;kfa_c;rur
sector;280822;مقاطعة 34 أراضي وبساتين كطعة ال عيسى الوسطى;kfa_c;rur
sector;280823;مقاطعة 35 أراضي وبساتين كطعة ال عيسى الجنوبيه;kfa_c;rur
sector;280824;مقاطعة 36 أراضي وبساتين خرخيت;kfa_c;rur
sector;280826;مقاطعة 63 أراضي وبساتين الحواتم;kfa_c;rur
sector;280827;مقاطعة 87 ام منينة والدندانه;kfa_c;rur
sector;280828;مقاطعة 88 الزركه;kfa_c;rur
sector;280878;حي البياتي (متجاوزين);abb;urb
sector;280879;حي القصبة العباسية;abb;urb
sector;280880;حي بلدية العباسية (مجمع دوائر);abb;urb
sector;280881;حي الجواهري;abb;urb
sector;280882;حي العدل الشمالي;abb;urb
sector;280883;حي الحكيم;abb;urb
sector;280884;حي اسامة;abb;urb
sector;280885;حي العدل الجنوبي;abb;urb
sector;280886;حي السلام;abb;urb
sector;280887;حي الزهراء/المرتضى;abb;urb
sector;280888;حي الرسالة الاولى;abb;urb
sector;280889;حي المنتظر;abb;urb
sector;280890;حي الرسالة الثانية;abb;urb
sector;280891;حي الشهداء;abb;urb
sector;280892;حي الرسالة الثالثة;abb;urb
sector;280942;مقاطعة 1 المويهي;abb;rur
sector;280953;مقاطعة 2 اراضي جوبان;abb;rur
sector;280954;مقاطعة 3 بساتين الجوبان;abb;rur
sector;280955;مقاطعة 4 الجماردي;abb;rur
sector;280956;مقاطعة 5 بساتين العنب الشماليه;abb;rur
sector;280957;مقاطعة 6 بساتىين العنب الجنوبيه;abb;rur
sector;280958;مقاطعة 7 الشريمة الشمالية;abb;rur
sector;280959;مقاطعة 8 الشريمة الجنوبيه;abb;rur
sector;280960;مقاطعة 9 جزيرة النفاخ;abb;rur
sector;280961;مقاطعة 10 واقصة والمحانه;abb;rur
sector;280966;مقاطعة 11 ام الويطية البو سلامه;abb;rur
sector;280970;مقاطعة 12 ابو جوارير;abb;rur
sector;280974;مقاطعة 13 جزار ال دهيم;abb;rur
sector;280975;مقاطعة 14 القزوينيه الشماليه;abb;rur
sector;280978;مقاطعة 15 القزوينيه الجنوبيه;abb;rur
sector;280980;مقاطعة 16 بساتين النفافخية;abb;rur
sector;280981;مقاطعة 17 الجقبره;abb;rur
sector;280982;مقاطعة 18 الفتك والدوله;abb;rur
sector;280984;مقاطعة 19 أراضي وبساتين السجله;abb;rur
sector;280985;مقاطعة 20 ابو شوره;abb;rur
sector;280987;مقاطعة 21 الخديه;abb;rur
sector;280990;مقاطعة 28 نفاخ البو حداري;abb;rur
sector;280991;مقاطعة 29 اراضي النفاخ السيح والبلبوليه;abb;rur
sector;280992;مقاطعة 30 السجلة الثلاث;abb;rur
sector;280993;مقاطعة 31 اراضي ابو شورة وخليل افندى;abb;rur
sector;280994;مقاطعة 32 الاغا;abb;rur
sector;280995;مقاطعة 33 عريبات الساده;abb;rur
sector;280996;مقاطعة 34 الهدوية والزنوريه;abb;rur
sector;280998;مقاطعة 35 العبلوميه;abb;rur
sector;280999;مقاطعة 36 الهطروجىة;abb;rur
sector;281000;مقاطعة 37 ثلث الخرابه العربيه والجديده;abb;rur
sector;281001;مقاطعة 40 العيلة;abb;rur
sector;281002;مقاطعة 42 البريدية;abb;rur
sector;281003;مقاطعة 43 ابو ضباع;abb;rur
sector;281005;مقاطعة 44 ثلث خرابة راوي الوادى;abb;rur
sector;281007;مقاطعة 45 ثلث خرابة ال بجاي وال جبار;abb;rur
sector;281009;مقاطعة 47 البو عبيد;abb;rur
sector;281010;مقاطعة 55 ثلث خرابه ال علي;abb;rur
sector;281011;مقاطعة 56 البلانه وام بصل;abb;rur
sector;281012;مقاطعة 59 اللفوة;abb;rur
sector;281013;مقاطعة 64 اراضي ام دخن;abb;rur
sector;281014;مقاطعة 65 المالحة الشرقية_القسم الشمالى;abb;rur
sector;281015;مقاطعة 66 اراضي خرخيت;abb;rur
sector;281016;مقاطعة 67 الحميسية;abb;rur
sector;281018;مقاطعة 68 المالحة ال  رشقية/القسم الجنوبي;abb;rur
sector;281020;مقاطعة 69 الكطعة;abb;rur
sector;281021;مقاطعة 70 أبو سمسم;abb;rur
sector;281023;مقاطعة 71 كطينة;abb;rur
sector;281026;مقاطعة 72 أبو ذهب;abb;rur
sector;281027;مقاطعة 73 الجديه;abb;rur
sector;281028;مقاطعة 74 أراضي ال فتله;abb;rur
sector;281030;مقاطعة 75 اراضي ال بدير وابوكفوف الشماليه;abb;rur
sector;281033;مقاطعة 76 اراضي الطويله;abb;rur
sector;281034;مقاطعة 77 اراضي مصيخنه;abb;rur
sector;281035;مقاطعة 78 اراضي ال بدير وابوكفوف الجنوبيه;abb;rur
sector;281086;حي الغدير;hry;urb
sector;281087;حي السلام;hry;urb
sector;281088;حي الانوار;hry;urb
sector;281089;حي البشائر;hry;urb
sector;281090;حي الحسين;hry;urb
sector;281091;حي النصر;hry;urb
sector;281092;حي المرتضى;hry;urb
sector;281142;مقاطعة 22 الاخبارية;hry;rur
sector;281144;مقاطعة 23 أم الويطية البو عارضي;hry;rur
sector;281145;مقاطعة 24 غيلة البو عارضي;hry;rur
sector;281146;مقاطعة 25 اراضي هور ابن نجم (الصليجية);hry;rur
sector;281151;مقاطعة 38 الرمل;hry;rur
sector;281152;مقاطعة 39 الورية;hry;rur
sector;281153;مقاطعة 41 الخاجية والمشراكة;hry;rur
sector;281154;مقاطعة 48 بساتين قصبة الصليجية;hry;rur
sector;281155;مقاطعة 49 المجاتيم;hry;rur
sector;281156;مقاطعة 50 الحمرة والرملة;hry;rur
sector;281158;مقاطعة 51 البزل والتيل;hry;rur
sector;281159;مقاطعة 52 اراضي السبعة وأم رفش;hry;rur
sector;281160;مقاطعة 53 أم صخرة;hry;rur
sector;281162;مقاطعة 54 الرايط;hry;rur
sector;281164;مقاطعة 57 العشوانية;hry;rur
sector;281165;مقاطعة 58 المطلكة والخماس;hry;rur
sector;281166;مقاطعة 60 الفرة وأبو حلان;hry;rur
sector;281167;مقاطعة 61 اللوة;hry;rur
sector;281168;مقاطعة 62 المشركة والابياش;hry;rur
sector;281169;مقاطعة 63 أم بواري والزغيتانية;hry;rur
sector;281219;حي الزوية;mnd_c;urb
sector;281220;حي السراي;mnd_c;urb
sector;281221;حي الزهور;mnd_c;urb
sector;281222;الاوقاف والمعلمين;mnd_c;urb
sector;281223;حي الجمعية;mnd_c;urb
sector;281224;حي الجمهوري;mnd_c;urb
sector;281225;حي الشهداء;mnd_c;urb
sector;281226;حي الخورنق;mnd_c;urb
sector;281227;حي الزهراء;mnd_c;urb
sector;281229;حي الهادي;mnd_c;urb
sector;281230;الاعمار_المنطقة الصناعية سابقا;mnd_c;urb
sector;281231;حي العسكري;mnd_c;urb
sector;281232;حي البلدية;mnd_c;urb
sector;281233;متجاوزين (مجاور حي الجمعية);mnd_c;urb
sector;281234;حي القاسم;mnd_c;urb
sector;281235;متجاوزين (مجاور حي الزهراء);mnd_c;urb
sector;281236;حي مجمع نور المصطفى السكني;mnd_c;urb
sector;281237;متجاوزين (مجاور مجمع نور المصطفى);mnd_c;urb
sector;281238;متجاوزين (مجاور حي السراي);mnd_c;urb
sector;281239;متجاوزين (مجاور حي الجمهوري);mnd_c;urb
sector;281240;متجاوزين (مجاور حي الخورنق);mnd_c;urb
sector;281241;متجاوزين (مجاور قرية المحجرة);mnd_c;urb
sector;281242;متجاوزين (مجاور حي البلدية);mnd_c;urb
sector;281243;متجاوزين (مجاور المنطقة الصناعية);mnd_c;urb
sector;281244;متجاوزين (مجاور حي القاسم);mnd_c;urb
sector;281245;حي السلام;mnd_c;urb
sector;281246;متجاوزين (مجاور حي السلام);mnd_c;urb
sector;281247;حي الحسين;mnd_c;urb
sector;281248;حي الحشد الشعبي;mnd_c;urb
sector;281249;متجاوزين (مجاور حي الحشد الشعبي);mnd_c;urb
sector;281299;مقاطعة 3 حصوة الخورنق;mnd_c;rur
sector;281300;مقاطعة 10 أراضي وبساتين المحجرة;mnd_c;rur
sector;281301;مقاطعة 13 أراضي وبساتين البركات;mnd_c;rur
sector;281302;مقاطعة 36 المحاجير الشرقية;mnd_c;rur
sector;281309;مقاطعة 37 المحاجير الغربية;mnd_c;rur
sector;281311;مقاطعة 38 شليج;mnd_c;rur
sector;281313;مقاطعة 39 أراضي وبساتين ضمنة الجزرة والجزار;mnd_c;rur
sector;281314;مقاطعة 49 جزيرة البخاترة;mnd_c;rur
sector;281315;مقاطعة 54 كشخيل الدخلاني;mnd_c;rur
sector;281316;مقاطعة 55 أراضي وبساتين مالحة الشبانات;mnd_c;rur
sector;281322;مقاطعة 56 كشخيل البراني;mnd_c;rur
sector;281323;مقاطعة 59 خرخيت;mnd_c;rur
sector;281324;مقاطعة 68 مالحة آل فتلة;mnd_c;rur
sector;281326;مقاطعة 69 اراضي مالحة الحاج كاظم;mnd_c;rur
sector;281376;حي متجاوزين مجاور المنطقة الصناعية;hir;urb
sector;281377;حي الكويت1;hir;urb
sector;281378;حي الكويت2;hir;urb
sector;281379;حي النصر;hir;urb
sector;281380;حي النعمان;hir;urb
sector;281381;حي الامام الصادق;hir;urb
sector;281382;حي الزهراء;hir;urb
sector;281383;حي السلام;hir;urb
sector;281384;حي الحسين;hir;urb
sector;281385;حي الخضراء;hir;urb
sector;281386;حي اليقين;hir;urb
sector;281387;حي الزهور;hir;urb
sector;281388;حي المنطقة الصناعية;hir;urb
sector;281438;مقاطعة 6 اراضي الثواير والصوفة;hir;rur
sector;281439;مقاطعة 7 اراضي الجبور من بحر النجف;hir;rur
sector;281440;مقاطعة 8 اراضي وبساتين الصنين;hir;rur
sector;281443;مقاطعة 11 اراضي الجبسة;hir;rur
sector;281444;مقاطعة 14 بساتين البركات ضمنة المليبيج;hir;rur
sector;281445;مقاطعة 15 بساتين ضمنة الثوابر;hir;rur
sector;281446;مقاطعة 16 بساتين ضمنة البو حسن الجنوبية;hir;rur
sector;281447;مقاطعة 17 بساتين ضمنة الرويطات الجنوبية;hir;rur
sector;281448;مقاطعة 18 اراضي ضمنة المنبطح;hir;rur
sector;281449;مقاطعة 19 بساتين ضمنة البو الدبيغ الغربية;hir;rur
sector;281450;مقاطعة 20 بساتين المومنين والعبودة;hir;rur
sector;281451;مقاطعة 21 الشبل;hir;rur
sector;281452;مقاطعة 22 ضمنة الخرابة;hir;rur
sector;281454;مقاطعة 24 اراضي وبساتين آل زجري;hir;rur
sector;281455;مقاطعة 25 اراضي البو حسن والبو دوش والفلاحية;hir;rur
sector;281456;مقاطعة 26 بساتين البو الدبيخ الشرقية;hir;rur
sector;281458;مقاطعة 27 ضمنة الجنايات والعكرات;hir;rur
sector;281460;مقاطعة 28 ضمنة الدسم وال شفلح;hir;rur
sector;281461;مقاطعة 29 رمل الشرقي;hir;rur
sector;281463;مقاطعة 30 بساتين ضمنة الملوية الصغيرة الشرقية;hir;rur
sector;281464;مقاطعة 31 بساتين ضمنة الملوية الصغيرة الغربية;hir;rur
sector;281465;مقاطعة 32 بساتين ضمنة الملوية الكبيرة والعجم;hir;rur
sector;281466;مقاطعة 33 اراضي وبساتين المزيرية;hir;rur
sector;281468;مقاطعة 34 بساتين ضمنة الرويطات الشمالية;hir;rur
sector;281469;مقاطعة 35 بساتين ضمنة البو حسن الشمالي;hir;rur
sector;281471;مقاطعة 40 هور آل بجاي;hir;rur
sector;281472;مقاطعة 41 منبطح اللهبيات;hir;rur
sector;281473;مقاطعة 42 بساتين آل زجري الجنوبية;hir;rur
sector;281474;مقاطعة 43 بساتين آل زجري الشمالية;hir;rur
sector;281475;مقاطعة 44 ضمنة العجر والحجامة;hir;rur
sector;281476;مقاطعة 45 ضمنة التركية;hir;rur
sector;281477;مقاطعة 46 ضمنة الشاهرية;hir;rur
sector;281478;مقاطعة 47 ضمنة البصرية;hir;rur
sector;281479;مقاطعة 48 ضمنة العذارية;hir;rur
sector;281480;مقاطعة 50 الجاير والرملة والشورلية من حجان;hir;rur
sector;281481;مقاطعة 52 اراضي وبساتين الطرة;hir;rur
sector;281482;مقاطعة 53 البو خريف;hir;rur
sector;281483;مقاطعة 57 بساتين الشاهرية;hir;rur
sector;281484;مقاطعة 58 الرميلة;hir;rur
sector;281485;مقاطعة 60 اراضي العزامية;hir;rur
sector;281486;مقاطعة 61 اراضي ضمنة الجنايات والعكران الشرقية;hir;rur
sector;281487;مقاطعة 62 ثلث ال شطنان;hir;rur
sector;281488;مقاطعة  63 الطفرة والكص;hir;rur
sector;281489;مقاطعة 64 هورة الرميلة;hir;rur
sector;281490;مقاطعة 65 أل شبل الجنوبية الغربية;hir;rur
sector;281491;مقاطعة 66 آل شبل الشمالية الشرقية;hir;rur
sector;281492;مقاطعة 67 الرميلة الجنوبية الشرقية;hir;rur
sector;281542;حي ثورة العشرين;msh_c;urb
sector;281543;حي الثوار;msh_c;urb
sector;281544;حي السراي;msh_c;urb
sector;281545;حي شهيد المحيراب;msh_c;urb
sector;281546;حي العصري;msh_c;urb
sector;281547;حي العسكري;msh_c;urb
sector;281548;حي الشهداء;msh_c;urb
sector;281549;حي بغداد;msh_c;urb
sector;281550;حي الشهيد الصدر;msh_c;urb
sector;281551;حي القدس;msh_c;urb
sector;281552;حي الضباط;msh_c;urb
sector;281553;حي ايسر السوارية;msh_c;urb
sector;281554;حي الكرامة;msh_c;urb
sector;281604;مقاطعة 1 الصدور الشمالية من نهر السوارية;msh_c;rur
sector;281606;مقاطعة 2 الوساد ونهر فرعون من الدبينية;msh_c;rur
sector;281607;مقاطعة 3 الصدور الجنوبية من نهر الدبينية;msh_c;rur
sector;281608;مقاطعة 4 الزيدية من الدبينية;msh_c;rur
sector;281609;مقاطعة 5 جويحة من السوارية;msh_c;rur
sector;281610;مقاطعة 6 ام اللواثات من الدبينية;msh_c;rur
sector;281611;مقاطعة 7 شويلة مزهر من السوارية;msh_c;rur
sector;281613;مقاطعة 8 الهلالية من الدبينية;msh_c;rur
sector;281614;مقاطعة 9 مجيهيلة الشرقية;msh_c;rur
sector;281616;مقاطعة 10 مجيهيلة الغربية;msh_c;rur
sector;281617;مقاطعة 11 التوقانية من الدبينية;msh_c;rur
sector;281618;مقاطعة 12 ام عريف الشرقية;msh_c;rur
sector;281619;مقاطعة 14 الجفلاوية;msh_c;rur
sector;281620;مقاطعة 15 الكص;msh_c;rur
sector;281622;مقاطعة 16 الكشكولية;msh_c;rur
sector;281624;مقاطعة 17 راك الحصوة;msh_c;rur
sector;281626;مقاطعة 18 سوارية اليسار وال كيم;msh_c;rur
sector;281628;مقاطعة 19 الجزرة;msh_c;rur
sector;281629;مقاطعة 20 شويلة الفيادة من السوارية;msh_c;rur
sector;281631;مقاطعة 21 ابو واوية;msh_c;rur
sector;281636;مقاطعة 22 ام عريف الغربية;msh_c;rur
sector;281637;مقاطعة 23 الجلادية;msh_c;rur
sector;281638;مقاطعة 24 ام حريجة والجزرة;msh_c;rur
sector;281639;مقاطعة 25 جاير ال فرعون;msh_c;rur
sector;281641;مقاطعة 26 العيلة والكوثرية;msh_c;rur
sector;281642;مقاطعة 27 (أ) الجزرة وأم ليرة;msh_c;rur
sector;281644;مقاطعة 27 (ب) طبر مهدي العسل;msh_c;rur
sector;281645;مقاطعة 28 كص المراشدة وام حمزة;msh_c;rur
sector;281646;مقاطعة 29 الشاطي الجنوبي وكص الحجيمية;msh_c;rur
sector;281650;مقاطعة 30 الفطامية والعبطانية;msh_c;rur
sector;281654;مقاطعة 31 أراضي وبساتين الفيادة والابياش;msh_c;rur
sector;281656;مقاطعة 32 الجاير وام خشم;msh_c;rur
sector;281662;مقاطعة 33 الشاطئ الشمالى والطفرة;msh_c;rur
sector;281666;مقاطعة 34 الشرش والمالحة;msh_c;rur
sector;281669;مقاطعة 35 ام هلج;msh_c;rur
sector;281670;مقاطعة 36 هور الكليبي;msh_c;rur
sector;281671;مقاطعة 37 هور نعيم ابو صفير;msh_c;rur
sector;281672;مقاطعة 38 هور نعيم وابو ذهب;msh_c;rur
sector;281674;مقاطعة 39 مشرك هور نعيم;msh_c;rur
sector;281675;مقاطعة 40 الهركية من هور الهارمية;msh_c;rur
sector;281677;مقاطعة 41 هور نعيم الدلكه;msh_c;rur
sector;281679;مقاطعة 42 الصبخاية من هور الهارمية;msh_c;rur
sector;281681;مقاطعة 43 هور فريق مزهر;msh_c;rur
sector;281683;مقاطعة 44 أراضي طبر سيد نور;msh_c;rur
sector;281684;مقاطعة 45 بريهي;msh_c;rur
sector;281686;مقاطعة 46 النفاخية;msh_c;rur
sector;281687;مقاطعة 47 الجباب;msh_c;rur
sector;281688;مقاطعة 48 ام عردة ال كيم;msh_c;rur
sector;281689;مقاطعة 49 ام عردة ال سيد حمود;msh_c;rur
sector;281692;مقاطعة 50 (ا) ام عرده ال سيد حسون;msh_c;rur
sector;281693;مقاطعة 50 (ب) الجاير والحمامية;msh_c;rur
sector;281694;مقاطعة 51 (أ) العيلة;msh_c;rur
sector;281695;مقاطعة 51 ( ب) الحداوية والشاطي;msh_c;rur
sector;281696;مقاطعة 52 المخرمش;msh_c;rur
sector;281697;مقاطعة 53 (أ) جابر ال فرعون الشمالي;msh_c;rur
sector;281699;مقاطعة 53 (ب) الحمرة والابياش;msh_c;rur
sector;281700;مقاطعة 54 (ا) الطبارة من الجلادية;msh_c;rur
sector;281702;مقاطعة 54 (ب) اراضي الجماعة;msh_c;rur
sector;281752;حي الضباط;qds;urb
sector;281753;حي 9 نيسان;qds;urb
sector;281754;حي القادسية;qds;urb
sector;281755;حي الحسين;qds;urb
sector;281808;مقاطعة 1 رمل ام بزونة;qds;rur
sector;281809;مقاطعة 2 بساتين أم البط الغربية;qds;rur
sector;281810;مقاطعة 3 الغزالية والجبلانية من أم البط الشرقية;qds;rur
sector;281814;مقاطعة 5 الثلث والشاطي من أم البط الشرقية;qds;rur
sector;281815;مقاطعة 6 اراضي أم رغلة السيد علوان الياسري;qds;rur
sector;281818;مقاطعة 7 بساتين أم رغلة سيد علوان;qds;rur
sector;281819;مقاطعة 8 القسم الشمالي من ام بردية الغربية;qds;rur
sector;281820;مقاطعة 9 القسم الجنوبي من ام بردية الغربية ثلث;qds;rur
sector;281821;مقاطعة 10 ام بردية الشرقية;qds;rur
sector;281822;مقاطعة 11 بساتين العجزانة;qds;rur
sector;281823;مقاطعة 12 اراضي العجزانة;qds;rur
sector;281824;مقاطعة 13 جويحة;qds;rur
sector;281825;مقاطعة 14 ام رغلة كصاد;qds;rur
sector;281827;مقاطعة 15 أخو شايعة من طبر شيخ عمار;qds;rur
sector;281828;مقاطعة 16 رمل سيد نور;qds;rur
sector;281829;مقاطعة 17 أم دوالى من أم البط الغربية;qds;rur
sector;281830;مقاطعة 18 أم عجاريج من أم البط الغربية;qds;rur
sector;281831;مقاطعة 19 ام بزونة الشرقية;qds;rur
sector;281832;مقاطعة 21 بساتين المرانه الشرقية;qds;rur
sector;281833;مقاطعة 22 اراضي المرانه الشرقية;qds;rur
sector;281834;مقاطعة 23 جزرة العبودة;qds;rur
sector;281835;مقاطعة 24 الاحيمر;qds;rur
sector;281836;مقاطعة 25 احيمر عويجيلة;qds;rur
sector;281838;مقاطعة 26 (أ) المحوطة من طبر شيخ عمار;qds;rur
sector;281840;مقاطعة 26 (ب) اراضي وعيون وادي اوعير;qds;rur
sector;281841;مقاطعة 27 اراضي وعيون وادي ام دودة;qds;rur
sector;281842;مقاطعة 28 الدلكة والرمل;qds;rur
sector;281843;مقاطعة 29 احيمر عتيوي الجنوبي الشرقي;qds;rur
sector;281844;مقاطعة 30 رمل ال شبل;qds;rur
sector;281845;مقاطعة 31 الشويلة الجنوبية;qds;rur
sector;281846;مقاطعة 32 الدعارية الشرقية;qds;rur
sector;281847;مقاطعة 33 احيمر عتيوي الجنوبي الغربي;qds;rur
sector;281848;مقاطعة 34 نغيشية ال شبل;qds;rur
sector;281849;مقاطعة 35 ام سباع;qds;rur
sector;281850;مقاطعة 36 الشويلة وام صخرة;qds;rur
sector;281851;مقاطعة 37 الشويلة;qds;rur
sector;281852;مقاطعة 38 الشويلة الوسطى;qds;rur
sector;281853;مقاطعة 39 هور صليب الجنوبي;qds;rur
sector;281854;مقاطعة 40 الطرمة;qds;rur
sector;281855;مقاطعة 41 شبينة وطوك آل شلاش;qds;rur
sector;281857;مقاطعة 42 ام بزونة الغربية;qds;rur
sector;281859;مقاطعة  43 طوك الغزالات;qds;rur
sector;281861;مقاطعة  44 ام تولة;qds;rur
sector;281862;مقاطعة  45 المشراكة;qds;rur
sector;281863;مقاطعة  46 هور صليب الشمالي;qds;rur
sector;281866;مقاطعة  47 احيمر18;qds;rur
sector;281867;مقاطعة  48 العنينية;qds;rur
sector;281868;مقاطعة  49 ام بزونة ال بندر من ام بزونة الشرقية;qds;rur
sector;281869;مقاطعة  52 الشاط من طبر شيخ عمار;qds;rur
sector;281870;مقاطعة  55 احيمر12;qds;rur
sector;281871;مقاطعة  56 ام نعاج;qds;rur
sector;281872;مقاطعة  57 احيمر عتيوي الشمالي;qds;rur
sector;281873;مقاطعة  58 الدعارية الغربية;qds;rur
sector;281874;مقاطعة  59 ام الهوش احيمر عتيوي;qds;rur
sector;281875;مقاطعة  60 العكرة والرفيع;qds;rur
sector;281876;مقاطعة  61 العاصية;qds;rur
sector;281877;مقاطعة  62 الجلادية;qds;rur
sector;281878;مقاطعة  63 ام عصافير;qds;rur
sector;281879;مقاطعة  64 الجلادية الجنوبية;qds;rur
sector;281880;مقاطعة  65 المحوطة وام حلانة;qds;rur
