sch_stat_no;sch_name;district;subdistrict
1400001;النجف مركزية;1;1
1400002;الخورنق;1;1
1400003;السدير الأساسية;1;1
1400004;الحبوبي المسائية;1;1
1400005;الجمهورية;1;1
1400006;النجف المسائية;1;1
1400007;الكندي;1;1
1400008;النجف;1;1
1400009;النهروان;1;1
1400010;الامام علي;1;1
1400011;الخليل;1;1
1400012;دمشق الأساسية;1;1
1400013;بغداد الأساسية;1;1
1400014;الامام الحسين;1;1
1400015;الاحرار;1;1
1400016;الامام الهادي الأساسية;1;1
1400017;عكاظ;1;1
1400018;الدكتور علي الوردي;1;1
1400019;ابي ذر;1;1
1400020;الفارس العربي;1;1
1400021;امنة الصدر;1;1
1400022;النجف;1;1
1400023;الامير;1;1
1400024;الامل;1;1
1400026;اللاذقية;1;1
1400027;ميسلون;1;1
1400028;البتول المسائية;1;1
1400029;الشهباء;1;1
1400030;بلقيس الأساسية;1;1
1400031;الساجدات مركزية;1;1
1400032;الخنساء;1;1
1400033;اوراس;1;1
1400034;خولة بنت الازور;1;1
1400035;الكرامة;1;1
1400036;صدر العراق;1;1
1400037;المثنى;1;1
1400038;الجزائر;1;1
1400039;الوحدة;1;1
1400040;الكرار;1;1
1400041;رمضان;1;1
1400042;العفاف;1;1
1400043;النصر مركزية;1;1
1400044;الفاو;1;1
1400045;الزهراء;1;1
1400046;الخليج العربي;1;1
1400047;زينب الكبرى;1;1
1400048;محمد باقر الصدر;1;1
1400049;الشاطىء غلق;1;1
1400050;اليقظة;1;1
1400051;الفرزدق;1;1
1400052;سمية;1;1
1400053;رقية;1;1
1400054;التحرير;1;1
1400055;الكرار المسائية;1;1
1400056;شهداء الجمعة;1;1
1400057;الشيخ المفيد مركزية;1;1
1400058;الحمزة بن عبد المطلب;1;1
1400059;كربلاء;1;1
1400060;الخليل المسائية;1;1
1400061;الصباح;1;1
1400062;الايمان;1;1
1400063;الاصيل مركزية;1;1
1400064;انتفاضة صفر;1;1
1400065;الامام الحسن;1;1
1400066;الانفال;1;1
1400067;شمس الحرية;1;1
1400068;قمر بني هاشم;1;1
1400069;محمد بن ابي بكر;1;1
1400070;الزهاوي;1;2
1400071;الفاطمية;1;2
1400072;طريق الحسين;1;2
1400073;الفرات;2;6
1400074;المتنبي;2;6
1400075;الحكيم المسائية;2;6
1400076;حلب;2;6
1400077;المصطفى الأساسية;2;6
1400078;الكوفة;2;6
1400079;الشهيد عبدالمنعم فارس;2;6
1400080;الزاكيات;2;6
1400081;طول كرم;2;6
1400082;حمورابي;2;6
1400083;ميسان;2;6
1400084;شط العرب;2;6
1400085;الحرية;2;6
1400087;مسلم بن عقيل مركزية;2;6
1400088;الطليعة;2;6
1400089;الرياض;2;6
1400090;الزهور;2;6
1400091;الامام زين العابدين;2;6
1400092;الضفاف;2;6
1400093;الصدرين;2;6
1400094;العباسية;2;7
1400095;الرواد;2;7
1400096;غانم المحنة;2;7
1400097;زيد بن علي;2;7
1400098;الفراهيدي;2;7
1400099;قرطاجة;2;7
1400100;حلوان;2;7
1400101;المربد;2;7
1400102;الفدائي;2;8
1400103;الرملة;2;8
1400104;السلام;2;8
1400105;القدس;3;9
1400106;القدس المسائية;3;9
1400107;الشيخ احمد الوائلي;3;9
1400108;صنعاء;3;9
1400109;الحيرة;3;10
1400110;الفرسان;3;10
1400111;واسط;3;10
1400112;ابي تراب;3;9
1400113;الاكرمين;3;9
1400114;صنعاء;3;9
1400115;ابو الاسود الدوؤلي;3;10
1400116;العزة;4;11
1400117;المشخاب;4;11
1400118;المناذرة;4;11
1400119;الخوارزمي;4;11
1400120;الزعيم عبدالواحد سكر;4;11
1400121;الامام جعفر الصادق;4;11
1400122;عبدالله بن الحسين;4;11
1400123;المشخاب;4;11
1400124;الاسراء;4;11
1400125;العلامة رضا الهندي المسائية;4;11
1400126;تبارك;4;11
1400127;رشيد الهجري;4;11
1400128;سفير الحسين;4;11
1400129;نور الياسري;4;11
1400130;القادسية;4;12
1400131;الانتصار;4;12
1400132;الميثاق;4;12
1400133;الثقافة;4;12
1400134;الشهيد عبدالحميد علوان الياسري;4;12
1400135;اطفال النجف;1;1
1400136;الحوراء;1;1
1400137;الاجيال;1;1
1400138;البراعم;1;1
1400139;الزيتون;1;1
1400140;النرجس;1;1
1400141;البيادر;1;1
1400142;الربيع;1;1
1400143;الهديل;1;1
1400144;الشهيدة احلام رزاق كاظم دبش;1;1
1400145;الغدير;1;1
1400146;العبير;1;1
1400147;المباهج;1;1
1400148;اطفال الثورة;1;1
1400149;الحسين;1;1
1400150;الشموع;1;1
1400151;قتيبة;1;1
1400152;الاستبرق;1;1
1400153;الافاق الرحبة;1;1
1400154;الزنابق;1;2
1400155;اطفال الكوفة;2;6
1400156;الينابيع;2;6
1400157;الورود;2;6
1400158;الاصيل;2;6
1400159;الاريج;2;6
1400160;السندس;2;6
1400161;الياسمين;2;7
1400162;الازاهير;2;8
1400163;السدير;3;9
1400164;الشروق;3;9
1400165;الرياحين;3;10
1400166;المشخاب;4;11
1400167;النسيم;4;11
1400168;القادسية;4;12
1400169;النجف;1;1
1400170;الكوثر;1;1
1400171;الغري;1;1
1400172;الغري;1;1
1400173;الكوفة;2;6
1400174;المناذرة;3;9
1400179;الغفاري;1;1
1400180;الحيدرية;1;1
1400181;النضال;1;1
1400182;التهذيب;1;1
1400183;مالك الاشتر;1;1
1400184;حليف القرآن;1;1
1400185;اصحاب الكساء;1;1
1400186;السدير الأساسية;1;1
1400187;الرهيمة;1;5
1400188;الامير;1;1
1400189;التيسير;1;1
1400190;العاصفة;1;1
1400191;دعبل الخزاعي;1;1
1400192;التسامح;1;5
1400193;دمشق الأساسية;1;1
1400194;الصادق;1;1
1400195;الجولان;1;1
1400196;الشهيد وهاب الطالقاني الأجيال;1;1
1400197;بغداد الأساسية;1;1
1400198;الصفاء;1;1
1400199;الغري;1;1
1400200;الأقدام;1;1
1400201;الامام الهادي الأساسية;1;1
1400202;عدن;1;1
1400203;مصطفى جواد;1;1
1400204;الانتصار;1;1
1400205;الوثبة;1;1
1400206;الشريف الرضي;1;1
1400207;المعرفة;1;1
1400208;الشعب;1;1
1400209;الصافي النجفي;1;1
1400210;بدر الكبرى;1;1
1400211;الزهراء;1;1
1400212;أم قصر;1;1
1400213;الزينبية;1;1
1400214;سكينة;1;1
1400215;رام الله;1;1
1400216;الفضيلة;1;1
1400217;النهضة;1;1
1400218;الوطن;1;1
1400219;الفردوس;1;1
1400220;قبة الصخرة غلق;1;1
1400221;السنابل;1;1
1400222;فتح;1;1
1400223;العفة;1;1
1400224;النخيل;1;1
1400225;بلقيس الأساسية;1;1
1400226;الافراح;1;1
1400227;الفراقد;1;1
1400228;المقاصد;1;1
1400229;دجلة;1;1
1400230;مصطفى جمال الدين;1;1
1400231;الانصاف;1;1
1400232;بردى;1;1
1400233;البيارق;1;1
1400234;الابداع;1;1
1400235;الاماني;1;1
1400236;نهج البلاغة;1;1
1400237;النور;1;1
1400238;الفرقان;1;1
1400239;الشيماء;1;1
1400240;الرسالة;1;1
1400241;القاهرة;1;1
1400242;الطائف;1;1
1400243;التراث الربي;1;1
1400244;تبوك;1;1
1400245;المكاسب;1;1
1400246;صفين;1;1
1400248;التضحية;1;1
1400249;حبيب بن مظاهر الاسدي;1;1
1400250;فتى الاسلام;1;1
1400251;المسعودي;1;1
1400252;حيفا;1;1
1400253;الحر الرياحي;1;1
1400254;ابي الفضل العباس;1;1
1400255;الانصار;1;1
1400256;المجد;1;1
1400257;السهل الاخضر;1;1
1400258;العصمة;1;1
1400259;الطبرسي;1;1
1400260;الابرار;1;1
1400261;المهاجرين;1;1
1400262;الرحمة;1;1
1400263;كانون;1;1
1400264;الحوراء;1;1
1400265;البيعة الكبرى;1;1
1400266;الغدير;1;1
1400267;صور;1;1
1400268;البراق;1;1
1400269;الخيرات;1;1
1400270;الرازي;1;1
1400271;الارتقاء;1;1
1400272;التضامن;1;1
1400273;المولد النبوي;1;1
1400274;العراق الحر;1;1
1400275;الهلال الخصيب;1;1
1400276;الهجرة;1;1
1400277;الفداء;1;1
1400278;السراج المنير;1;1
1400279;سعيد بن جبير;1;1
1400280;فدك;1;1
1400281;الفتوة;1;1
1400282;الشموخ;1;1
1400283;المرتضى;1;1
1400284;الرباب;1;1
1400285;ذو الفقار;1;1
1400286;البتول;1;1
1400287;زمزم;1;1
1400288;التوحيد;1;1
1400289;عبدالمطلب;1;1
1400290;الاسوة الحسنة;1;1
1400291;نسيبة الانصارية;1;1
1400292;الجنان;1;1
1400293;ابراهيم الخليل;1;1
1400294;عبدالله بن رواحة;1;1
1400295;ذات السلاسل;1;1
1400296;الحق المبين;1;1
1400297;الشرف;1;1
1400298;الامام الرضا;1;1
1400299;اليعقوبي;1;1
1400300;الدوحة;1;1
1400301;الرفاه;1;1
1400302;حجر بن عدي;1;1
1400303;جعفر بن ابي طالب;1;1
1400304;مصعب بن عمير;1;1
1400305;السلف الصالح;1;1
1400306;الود الحق;1;1
1400307;موسى بن نصير;1;1
1400308;قباء;1;1
1400309;بلاط الشهداء;1;1
1400310;ام القرى;1;1
1400311;النهرين;1;1
1400312;علي الأكبر;1;1
1400313;الامام زين العابدين;1;1
1400314;الامام المنتظر;1;1
1400315;الامام الباقر;1;1
1400316;القاسم;1;1
1400317;جابر الانصاري;1;1
1400318;الكوثر;1;1
1400319;الطوسي;1;1
1400320;البيان;1;1
1400321;سبأ;1;1
1400322;صيدا;1;3
1400323;الرحبة;1;3
1400324;الكاظمي;1;2
1400325;الاصمعي;1;2
1400326;غرناطة;1;2
1400327;الفجر الجديد;1;2
1400328;الشموس;1;2
1400329;الأنوار;1;2
1400330;الجيل الجديد;1;2
1400331;المعالي;1;2
1400332;محمد تقي الخوئي;1;2
1400333;الحبوبي;1;2
1400334;النجوم;1;2
1400335;مريم العذراء;1;2
1400336;الشبكة الاساسية;1;4
1400337;ابن حيان;2;6
1400338;الكوفة العقيلية;2;6
1400339;التارية;2;6
1400340;السهيلية;2;6
1400341;هاني بن عروة;2;6
1400342;الكميت;2;6
1400343;الكميلية;2;6
1400344;بلال الحبشي;2;6
1400345;عمار بن ياسر;2;6
1400346;المتنبي;2;6
1400347;المقداد;2;6
1400348;المصطفى الأساسية;2;6
1400349;الصحابة;2;6
1400350;كندة;2;6
1400351;الاهرام;2;6
1400352;الرافدين;2;6
1400353;الشهيد الصباغ;2;6
1400354;الضفاف;2;6
1400355;طرابلس;2;6
1400356;القسطل;1;2
1400357;مسلم بن عقيل;2;6
1400358;الفاطمية;2;6
1400359;الحكمة;2;6
1400360;ال البيت;2;6
1400361;ذات النطاقين;2;6
1400362;البويب;2;6
1400363;اور;2;6
1400364;السجود;2;6
1400365;السويس;2;6
1400366;خديجة;2;6
1400367;الازدهار;2;6
1400368;الاسكندرونة;2;6
1400369;الانعام;2;6
1400370;سيناء;2;6
1400371;تل الزعتر;2;6
1400372;المناهل;2;6
1400373;ام سلمة;2;6
1400374;نابلس;2;6
1400375;المثنى;2;6
1400376;ميسان;2;6
1400377;السياب;2;6
1400378;المزدلفة;2;6
1400379;الاخلاص;2;6
1400380;عرفات;2;6
1400381;الصفا والمروة;2;6
1400382;البيت العتيق;2;6
1400383;مكة المكرمة;2;6
1400384;المؤمنات;2;6
1400385;بنت الهدى;2;6
1400386;النعيم;2;6
1400387;السبطين;2;6
1400388;رشيد الهجري;2;6
1400389;البقيع;2;6
1400390;بطلة كربلاء;2;6
1400391;المهدي;2;6
1400392;ميثم التمار;2;6
1400393;العروة الوثقى;2;6
1400394;الطالبية التربية الخاصة;2;6
1400395;طوعة المرادية;2;6
1400396;الامام موسى بن جعفر;2;6
1400397;العباس بن عبدالمطلب;2;6
1400398;طيبة;2;6
1400399;جنات النعيم;2;6
1400400;بطل خيبر;2;6
1400401;ابن بطوطة;2;6
1400402;الرقة;2;6
1400403;مسلم بن عوسجة;2;6
1400404;الفرقدين;2;6
1400405;الفواطم;2;6
1400406;المتقين;2;6
1400407;الاسماء الحسنى;2;6
1400408;سلسبيل;2;6
1400409;الميامين;2;6
1400410;النبأ العظيم;2;6
1400411;العباسية;2;7
1400412;الفارابي;2;7
1400413;الاحسان;2;7
1400414;الخلود;2;7
1400415;الافنان;2;7
1400416;الجوادين;2;7
1400417;المعري;2;7
1400418;الادريسي;2;7
1400419;اسوان;2;7
1400420;البحتري;2;7
1400421;النيل;2;7
1400422;امير المؤمنين;2;7
1400423;ابن ماجد;2;7
1400424;بور سعيد;2;7
1400425;العدل;2;7
1400426;الرصافي;2;7
1400427;الحياة;2;7
1400428;المقاتل العربي;2;7
1400429;بابل;2;7
1400430;المكارم;2;7
1400431;اسامة بن زيد;2;7
1400432;اجنادين;2;7
1400433;الفراهيدي;2;7
1400434;الاندلس;2;7
1400435;الصمود نقل الى الفارابي;2;7
1400436;القيروان;2;7
1400437;الايثار;2;7
1400438;زنوبيا;2;7
1400439;شط العرب;2;7
1400440;الرارنجية;2;7
1400441;الزوراء;2;7
1400442;المفاخر;2;7
1400443;المشاعل;2;7
1400444;ذات الصواري;2;7
1400445;ظفار;2;7
1400446;زرقاء اليمامة;2;7
1400447;العلويين;2;7
1400448;زينب بنت علي;2;7
1400449;الرحمن;2;7
1400450;شهيد المحراب;2;7
1400451;ابن خلدون;2;8
1400452;الشماخية الإصلاح;2;8
1400453;الغزالي;2;8
1400454;الجماهير;2;8
1400455;القنيطرة;2;8
1400456;لبنان العربي;2;8
1400457;ابن سينأ;2;8
1400458;امنة بنت وهب;2;8
1400459;قرطبة;2;8
1400460;الغافقي;2;8
1400461;المستقبل;2;8
1400462;الشعلة;2;8
1400463;ابن رشد;2;8
1400464;ام المؤمنين;2;8
1400465;البصرة;2;8
1400466;الحرية;2;8
1400467;عمورية;4;12
1400468;الثبات;4;12
1400469;العودة;4;12
1400470;العزيمة;4;12
1400471;العامل;4;12
1400472;البطحاء;4;12
1400473;الثقافة;4;12
1400474;العريش;4;12
1400475;التعاون;4;12
1400476;فاطمة بنت اسد;4;12
1400477;قريش;4;12
1400478;الرملة;4;12
1400479;الاقصى;4;12
1400480;زيد بن علي;4;12
1400481;الثريا;4;12
1400482;الشهداء;4;12
1400483;الاضواء;1;1
1400484;القحطانية غلق;1;1
1400485;الشام;1;1
1400486;الروضتين;1;1
1400487;الاسكندرية;1;1
1400488;الرياض;1;1
1400489;الاولياء;1;1
1400490;الصفوة;1;1
1400491;الوفاق;1;1
1400492;المحبة;1;1
1400493;كربلاء;1;1
1400494;المنذرية;1;1
1400495;محمد رضا الشبيبي;1;1
1400496;الشرقي;1;1
1400497;الجامعة;1;1
1400498;طه الرسول;1;1
1400499;السابقون;1;1
1400500;الشهيد مهدي الحكيم;1;1
1400501;خاتم الأنبياء;1;1
1400502;المستجار;1;1
1400503;الذكوات;1;1
1400504;الحسن المجتبى;1;2
1400505;سيد الشهداء;1;2
1400506;إقرأ;1;2
1400507;انوار الصحراء;1;2
1400508;شهداء جسر الائمة;1;2
1400509;العراق الجديد;1;2
1400510;النبي أيوب;1;2
1400511;الغاضرية;1;2
1400512;عباس الشاكري;1;2
1400513;العلوية;2;6
1400514;المدثر;1;2
1400515;العباس بن علي;2;6
1400516;الطف;2;6
1400517;الانشراح;2;6
1400518;نور الزهراء;2;6
1400519;المناذرة;3;9
1400520;الرسول;3;9
1400521;الهدى;3;9
1400522;رفح;3;9
1400523;الحضر;3;9
1400524;ابن زيدون;3;9
1400525;الهاشميين;3;9
1400526;الضياء;3;9
1400527;الحيرة;3;10
1400528;وادي العقيق;3;10
1400529;الخورنق;4;11
1400530;التسبيح;3;10
1400531;النعمان;3;10
1400532;الجواهري;3;10
1400533;السلوك القويم;3;10
1400534;ابطال الجولان;3;10
1400535;التصميم;3;10
1400536;المغرب العربي;3;10
1400537;تونس;3;10
1400538;النهوض;3;10
1400539;عمر المختار;3;10
1400540;الشمائل;3;10
1400541;الخالصة;3;10
1400542;المواهب;3;9
1400543;سعدى;3;10
1400544;احد;3;10
1400545;العطاء;3;10
1400546;عبدالقادر الحسيني;1;3
1400547;البطولة;1;3
1400548;المحمدية;3;10
1400549;المعراج;1;3
1400550;ام كلثوم بنت الحسين;3;9
1400551;محمد رضا المظفر;3;9
1400552;غار حراء;3;10
1400553;جزيرة العرب;3;10
1400554;الخضراء;3;10
1400555;الميثاق;3;10
1400556;مراكش;3;10
1400557;السجاد;3;10
1400561;اشور;4;11
1400562;الوجدان;4;11
1400563;العزة;4;11
1400564;الحديبية;4;11
1400565;النجاح;4;11
1400566;التأخي;4;11
1400567;السعادة;4;11
1400568;ثورة العشرين;4;11
1400569;الخمائل;4;11
1400570;النبوغ;4;11
1400571;الشهيد راهي عبدالواحد;4;11
1400572;النهروان;4;11
1400573;جنين;4;11
1400574;الفضائل;4;11
1400575;ابن الهيثم;4;11
1400576;ابو تمام;4;11
1400577;البشائر;4;11
1400578;ابي فراس;4;11
1400579;الذهب;4;11
1400580;الحجاز;4;11
1400581;الكسائي;4;11
1400582;بيروت;4;11
1400583;المدينة;4;11
1400584;العرفان;4;11
1400585;القبس;4;11
1400586;اليرموك;4;11
1400587;الاسراء;4;11
1400588;حليمة السعدية;4;11
1400589;الهناء;4;11
1400590;السرور;4;11
1400591;نجد;4;11
1400592;سامراء;4;11
1400593;الناصرة;4;11
1400594;النشىء الجديد;4;11
1400595;العدنانية;4;11
1400596;زيد بن حارثة;4;11
1400597;ابن الاثير;4;11
1400598;الامجاد;4;11
1400599;المنار;4;11
1400600;فاطمة الزهراء;4;11
1400601;ام ال;4;11
1400602;نينوى;4;11
1400603;الزهاوي;4;11
1400604;محمد الدرة;4;11
1400605;الفاروق;4;11
1400606;الامل;4;11
1400607;حسان بن ثابت;4;11
1400608;الخندق;4;11
1400609;الامام الجواد;4;11
1400610;الشورى;4;12
1400611;الياسرية;4;12
1400612;البلاغة;4;12
1400613;حطين;4;12
1400614;النصر;4;12
1400615;النسر العربي;4;12
1400616;الثقلين;4;12
1400617;الجهاد;4;12
1400618;القادسية;4;12
1400619;الامام العسكري;4;12
1400620;يافا;4;12
1400621;الدار البيضاء;4;12
1400622;غزة;4;12
1400623;ليلة القدر;4;12
1400624;دير ياسين;4;12
1400625;الانفال;4;12
1400626;الثوار;4;12
1400627;عبدالصاحب دخيل;2;6
1400628;براثا;2;6
1400629;الغدير المهنية المسائية;1;1
1400630;اكد;2;6
1400631;الكوفة مركزية;2;6
1400632;الرائد;2;7
1400633;محمد بن الحسن المثنى;2;7
1400634;زهير بن القين;2;7
1400635;الناصرية;2;8
1400636;جنة المعلى;2;8
1400637;اركان الكعبة;3;9
1400638;المشرق العربي;3;9
1400639;احمد الوائلي;3;10
1400640;البركات;3;10
1400643;الفيحاء;4;11
1400644;السؤدد;4;11
1400646;الافاق;4;12
1400648;أسماء بنت عميس;1;1
1400649;حذيفة بن اليمان;1;1
1400650;وادي الرافدين;1;1
1400651;15 شعبان;1;1
1400652;نور الحسين;1;1
1400653;الضحى;1;1
1400654;القانتات;1;1
1400655;الشهيد مهدي العطار;1;1
1400656;الحامدات;1;1
1400657;ضيوف الرحمن;1;1
1400658;الشهيد عادل ناصر;2;6
1400659;الشهيد ماجد البدراوي;2;6
1400661;الشهيد مضر الجنابي;2;6
1400662;السهلة;2;6
1400663;الشهيد عباس كاظم مراد;2;6
1400664;دجلة;2;6
1400665;عثمان علي العبيدي;2;7
1400666;السيرة النبوية;2;7
1400667;الوهابي;2;7
1400668;يحيى بن زيد;2;7
1400669;يعسوب الدين;2;7
1400670;مروج الذهب;2;7
1400671;الاصلاح;2;8
1400672;الشهيد خضير جاسم الارضي;2;8
1400674;المشهد الشريف;3;9
1400675;الصالحين;3;10
1400676;شهداء مؤته;3;10
1400677;الحيرة;3;10
1400678;شهداء الكاظمية;3;10
1400679;جمانة بنت ابي طالب;4;11
1400680;بطل العلقمي;4;11
1400681;السيد الحميري;4;12
1400682;الشهيد مؤمل الصدر;1;1
1400683;البلد الأمين;1;1
1400684;الولاية;1;1
1400685;ناشئة الليل;1;1
1400686;الشهيد جواد شبر;1;1
1400688;الخشوع;1;1
1400689;الشهيد مصطفى الصدر;1;2
1400690;سفينة النجاة;2;6
1400691;اللؤلؤ المنثور;2;6
1400692;البهاء;2;6
1400693;الطور;2;6
1400694;الشهيد عارف البصري;2;6
1400695;الخاشعين;2;7
1400696;العقيدة;2;8
1400698;الغسق;3;9
1400699;الاخاء;4;11
1400700;ذي النفس الزكية;1;1
1400701;الشفق;1;1
1400702;هل أتى;1;1
1400703;الحطيم;1;1
1400704;مطلع الفجر;1;1
1400706;النجف الاشرف للمتميزات;1;1
1400707;النجف الاشرف للمتميزين;1;1
1400708;بين الحرمين;1;2
1400709;القوارير;2;6
1400710;الآمنين;2;8
1400711;خير البرية;1;1
1400712;الدعاء المستجاب;1;1
1400713;المباهلة;1;1
1400714;الصحف الأولى;1;1
1400715;صفية بنت عبدالمطلب;4;11
1400716;شمس الشموس;1;3
1400717;الرضوية;1;3
1400718;الشهيد علي الرماحي;2;6
1400719;العابدات;2;6
1400720;اوتاد الأرض;1;3
1400721;عبود غفلة;1;1
1400722;شيبة الحمد;2;6
1400723;عدنان زوين;1;1
1400724;مدينة العلم;1;1
1400725;الأقمار المنيرة;1;1
1400726;اعلام الدين;1;1
1400727;البيت المعمور;1;1
1400728;النبراس;1;2
1400729;أم أبيها;1;2
1400730;الرحيق;2;6
1400731;الوادي المقدس;2;6
1400732;زنة العرش;2;7
1400733;الأزل;2;8
1400734;البقعة المباركة;3;9
1400736;الأنجم الزاهرة;4;11
1400737;الطارق;4;11
1400738;الشهب الثاقبة;2;6
1400739;الرواسي;4;12
1400740;الشهيد عز الدين سليم;1;2
1400742;الشهيد صاحب  العامري;3;10
1400743;مرج البحرين;2;8
1400744;الأطايب;1;1
1400745;المسجد النبوي;2;6
1400746;عمود الدين;2;6
1400747;المغفرة;1;1
1400748;الاعتماد;1;1
1400749;الأطهار;1;3
1400750;الوارثين;2;6
1400751;آدم;2;6
1400752;سدرة المنتهى مركزية;1;1
1400753;الموهوبين في النجف;1;1
1400754;البروج غلق;1;1
1400755;السمات;2;7
1400756;الحور العين;1;1
1400757;الصحوة;1;1
1400758;الابتهاج;1;1
1400759;اسود الرافدين;1;1
1400760;العسل;1;1
1400761;حواء;1;1
1400762;الحواريون;1;1
1400763;القائم;1;1
1400764;البيداء;2;6
1400766;هاجر;2;7
1400767;رايات الحق;2;6
1400768;الازهر الشريف;2;6
1400769;سيد البلغاء;2;6
1400770;اركان الهدى;4;11
1400773;عبدالله بن عباس;1;1
1400774;جنة الزهراء;1;1
1400775;مهد الحضارات;1;1
1400776;ارض الانبياء;1;1
1400777;الحدباء مركزية;2;6
1400778;المناجاة;4;12
1400779;زهرة الوادي;1;1
1400780;البشير;1;1
1400781;بلاد النهرين;1;1
1400782;الابتهال;1;1
1400783;البسملة;1;1
1400784;الصالحات;1;1
1400785;الروافد;1;1
1400787;ورقة بن نوفل;1;1
1400788;الرميلة;4;11
1400789;ارض طوس المسائية;2;6
1400790;مصباح الرشاد المسائية;1;2
1400791;المرجان;2;7
1400792;الوداد;2;6
1400793;الحرية المسائية;2;8
1400794;طيور الجنة;1;1
1400795;سيد الانام;4;11
1400796;الشهيد فاضل ابو صيبع المسائية;1;1
1400797;المشكاة;2;6
1400798;عبد الله بن عبدالمطلب;2;7
1400799;اللوح المحفوظ;1;1
1400800;الفلك المسائية;4;12
1400801;تدمر المسائية;2;6
1400802;الدر المكنون;2;7
1400803;الوتر;1;3
1400804;الفيروز;2;6
1400806;الزقورة;2;7
1400807;صوت الحق;1;2
1400808;السنبلة;4;12
1400809;شجرة النبوة;4;12
1400810;الركن اليماني;1;1
1400811;الحنائن المعلقة;1;1
1400812;الحزام الاخضر;1;1
1400813;السمو;1;1
1400814;الكنز;1;2
1400819;يثرب;1;3
1400820;العباسية المسائية;2;7
1400822;السجايا الحسنة;4;11
1400823;الشهيد عبد الزهرة السلامي;2;7
1400824;المؤاخاة;2;6
1400827;ندى القلوب;1;1
1400828;ال ابراهيم;1;1
1400829;الصديقة الطاهرة;1;1
1400830;الشريعة;1;1
1400831;ال ياسين;1;1
1400832;ال عمران;1;1
1400833;الفاضلات;1;1
1400834;العهد;1;1
1400835;التقوى;1;1
1400836;البينات;1;1
1400837;العزية;1;5
1400838;كفيلة الايتام;1;1
1400839;دار العلم;1;2
1400840;مكارم الاخلاق;1;2
1400841;الليث الابيض;1;2
1400842;القسيم;1;2
1400843;فاطمة الكبرى;1;2
1400844;سيد الوصيين;2;6
1400845;خد العذراء;2;6
1400846;الطيبات;2;7
1400847;ابو صخير;3;9
1400848;الجوهرة;3;9
1400849;القران الناطق;3;10
1400850;جنة العسكريين;4;11
1400851;الصراط المستقيم;4;11
1400852;الجزيرة;1;1
1400856;القباب الذهبية;1;1
1400857;الموعظة;1;1
1400858;ابن الهيثم;1;1
1400859;زهرة الوادي;1;1
1400860;الظلال;1;1
1400861;حسين علي محفوظ;1;1
1400863;سعد بن عبادة;1;1
1400865;جون المسائية;1;1
1400866;الشيخ علي الصغير;1;1
1400867;الدكتورمهدي الزومي;1;1
1400868;السيدة فضة;2;6
1400869;التار;2;6
1400870;الشهيد نعيم النفاخ;2;6
1400871;العلامة الحلي;3;9
1400872;المعارف;3;9
1400873;الزمردة;4;11
1400876;العراقية;2;7
1400877;ال يعقوب;1;1
1400878;المولى المقدس;1;1
1400879;الصافات;1;1
1400880;ابي طالب;1;1
1400881;اسية بنت مزاحم;1;1
1400882;حامل اللواء;2;6
1400883;ريحانة الرسول;3;10
1400884;شمس الولاية;4;11
1400885;شجرة الدر;1;1
1400886;الدكتور علي جواد الطاهر;1;1
1400887;الدكتور عبدالرزاق محي الدين;1;1
1400888;نازك الملائكة;1;1
1400889;جواد سليم;1;1
1400890;بيت المقدس;1;1
1400891;الابراج;3;9
1400892;احباب العراق;3;9
1400894;يوم الغدير;2;7
1400895;عبدالله المحض;4;12
1400896;الشهيد شاكر الكفائي;2;6
1400897;الفائزين;2;7
1400898;الشهيد محمد علي نصار;1;1
1400899;دار المقامة;1;1
1400900;سيدة النساء;1;1
1400901;وليد الكعبة;1;1
1400902;سيدة النساء الابتدائية;1;1
1400903;وليد الكعبة;1;1
1400904;سفير الحسين;2;6
1400905;فدك الابتدائية;2;6
1400907;منتدى النشر;1;1
1400908;عبدالله الرضيع;1;1
1400910;الامام علي;1;1
1400911;الامام علي;1;1
1400914;القرآنية النموذجية;1;1
1400915;منتدى النشر;1;1
1400916;الامام علي بن ابي طالب;1;1
1400917;الامام علي بن ابي طالب;1;1
1400918;دار الزهراء الاساسية;1;1
1400919;دار الزهراء الاساسية;1;1
1400920;العقيلة;2;6
1400921;العقيلة;2;6
1400922;القاسم;1;1
1400923;الرباب;1;1
1400924;الزهرة البيضاء غلق;1;1
1400925;الزهرة البيضاء غلق;1;1
1400927;محمد جواد مغنية;1;1
1400928;الخصال الحميدة;1;1
1400929;سيف الحق;1;1
1400930;كرماء العرب;1;2
1400931;درة الشام;1;2
1400932;زينة الحياة;1;2
1400933;حاتم الطائي;1;2
1400934;مصباح الهداية;2;6
1400935;باب الحوائج;3;9
1400936;الامام الموعود;4;12
1400937;الحضارة;4;12
1400938;الشيخ عبدالزهرة الكعبي;1;1
1400939;الدكتور صالح الظالمي;1;1
1400940;الدكتور عناد غزوان;1;1
1400941;عاصمة الثقافة;1;1
1400942;لواء الحمد;1;2
1400943;بضعة الرسول;1;2
1400944;الحيدرية مركزية;1;2
1400945;الشهيد فلاح عبدالصاحب بلال;2;6
1400946;تحف العقول;2;7
1400947;الافتخار;4;11
1400948;جعفر الطيار;4;12
1400953;معهد الفنون الجميلة;1;1
1400955;الرسل;1;1
1400956;غصن الزيتون;4;12
1400957;الدكتور محمد حسين الاعرجي;1;1
1400958;السجاد المسائية;1;1
1400959;الريف الزاهر;1;2
1400960;الابتسامة;1;1
1400962;الجواهر;1;1
1400963;الذاريات;1;1
1400964;الشهيد نزهان الجبوري;1;1
1400965;التفوق;1;1
1400966;الكعبة المشرفة;1;1
1400967;الصادق الامين;4;12
1400968;ام عمارة المسائية;1;1
1400969;الشهيد ثابت عباس المواشي;2;7
1400970;اولاد الكاظم المسائية;3;10
1400971;عقيل بن ابي طالب;4;12
1400972;دار العلوم;1;1
1400973;دار العلوم;1;1
1400974;الانوار الأساسية;1;1
1400975;الامير;1;1
1400976;البلال;2;6
1400977;البلال;2;6
1400978;المتنبي;1;1
1400979;المتنبي;1;1
1400981;ايليا;1;1
1400982;عاصمة الثقافة;1;1
1400984;بانيقيا;1;1
1400985;بانيقيا;1;1
1400986;المؤمل;1;1
1400987;نور الهدى;1;1
1400988;الحنين غلق;1;1
1400989;العين;1;1
1400990;فدك;2;6
1400991;بلال بن رباح;1;1
1400992;الشهيد حامد شبر;1;5
1400994;ذو الكفل;1;2
1400995;ابي الاحرار;1;2
1400997;البصائر;3;9
1400998;السندباد;2;6
1400999;المرسلات;1;1
1401001;الام العراقية;1;3
1401002;الثناء;1;1
1401003;الشهيد شاكر الياسري;1;1
1401004;حمائم السلام;1;1
1401005;الشهيد حسن شحاته;1;1
1401006;التسنيم;1;1
1401007;السلام;1;1
1401008;ثغر العراق;1;1
1401009;المآثر;1;1
1401010;التشريق;1;1
1401011;البشرى;1;1
1401012;يوم التروية;1;1
1401013;الذكر الحكيم;2;6
1401014;زيد بن صوحان;2;6
1401015;الديار المقدسة;3;9
1401016;النجم الثاقب;4;11
1401017;شريفة بنت الحسن;4;11
1401018;الحسين بن روح;1;1
1401019;عمار بن ياسر;1;1
1401020;نرجس;1;1
1401021;الغد المشرق;1;5
1401022;المسجد الاقصى;1;1
1401023;الذاكرات;1;1
1401024;الذاكرين;1;1
1401025;ناصر حسين العنكوشي;1;1
1401026;ال ياسر;1;2
1401027;المنارة;1;2
1401028;عين الحياة المسائية;2;6
1401030;العدلة;3;10
1401031;البدور الساطعة;1;3
1401032;الاصالة;3;10
1401033;شقائق النعمان;3;10
1401034;امل المستقبل;3;10
1401035;المساواة;4;11
1401036;السيد جعفر بحر العلوم;4;11
1401037;الشيخ عبدالامير الفتلاوي;4;11
1401038;الشيخ رحيم الحسناوي;4;11
1401039;معهد الفنون الجميلة;1;1
1401041;المتنبي;1;1
1401042;المتنبي;1;1
1401043;كنوز المرفة;1;1
1401045;الاباء الأساسية (تعليق);1;1
1401046;الاباء الأساسية (تعليق);1;1
1401047;عاصمة الثقافة;1;1
1401048;عاصمة الثقافة;1;1
1401049;الضياء;1;1
1401050;الفرزدق;1;1
1401051;بيت الحكمة;1;1
1401052;الحكمة الاساسية;1;1
1401053;الجواهري المسائية;1;1
1401054;الاباء المسائية;1;1
1401055;الفرزدق;1;1
1401056;المستقبل;1;1
1401058;الياقوت;2;6
1401059;الرحمن;2;6
1401061;المنار;1;1
1401062;المنار;1;1
1401064;النجوم;2;6
1401065;النجوم;2;6
1401066;الأعراف;1;2
1401067;صعصة بن صوحان;2;6
1401068;العباسية;2;7
1401069;الرواد;2;7
1401070;اطفال المناذرة;3;9
1401071;اطفال الدسم;3;10
1401072;البنفسج;2;6
1401073;سيد الكائنات;1;1
1401074;الشاكرات;1;1
1401075;فاطر;1;1
1401076;الشاذروان;1;1
1401077;آمرلي;1;1
1401079;مرزوك ال عواد;1;1
1401080;الجاف;1;2
1401081;النجف التجارية;1;1
1401082;الودق;1;1
1401083;المزمل;1;1
1401084;العارج;1;1
1401085;الشهيد فيصل الزاملي;1;1
1401086;الريحان;1;1
1401087;جرف النصر;1;1
1401088;تلعفر;1;2
1401090;آمرلي;1;2
1401091;النبي يونس;1;2
1401092;السيد ابراهيم الغمر;2;6
1401093;الميزان;2;6
1401094;الحشد الشعبي;3;9
1401095;الدرة البيضاء;3;9
1401096;المسار;3;9
1401097;انوار الغري نقل للمناذرة;3;9
1401098;الجواهري;1;1
1401099;كميل بن زياد الاساسية;1;1
1401100;المنار;1;1
1401101;المنار;1;1
1401102;الجيل;1;1
1401103;الجيل غلق;1;1
1401104;الانوار المحمدية;1;1
1401105;ابن الهيثم غلق بامر وزاري;1;1
1401106;ابن الهيثم;1;1
1401107;ايليا;1;1
1401108;ايليا;1;1
1401109;الشمس غلق;1;1
1401110;الشمس غلق;1;1
1401111;الفراهيدي;1;1
1401112;الفراهيدي;1;1
1401113;الامين;3;9
1401114;ابن حيان;1;1
1401115;ابن الهيثم;1;1
1401116;النخبة غلق بامر وزاري;1;1
1401117;الذكوات;4;11
1401118;الذكوات;4;11
1401120;الثقلين غلق;1;1
1401121;العصافير;1;1
1401122;رقية بنت الحسين;3;9
1401123;الاديب كاظم شكر;1;1
1401124;العاديات;1;1
1401126;الريان;1;1
1401127;الافاضة;1;1
1401128;بشائر الخير;1;1
1401129;مدينة الرسول;1;5
1401130;الشهيد مثنى الكلابي;1;5
1401131;النسمات;1;1
1401132;ال طه;1;1
1401133;المن والسلوى;1;2
1401134;المرتجى;1;2
1401135;الشهيد طالب عبيد الحدراوي;2;6
1401136;انوار الامين;2;6
1401137;الشهيد صلاح محمد رضا شربة;2;6
1401138;حسين عبود الحسن;2;6
1401139;الشهيد عبد الهادي عبود الجبوري;2;6
1401140;ريحانة المصطفى;2;7
1401141;الشهيد محسن كريم الطفيلي;2;8
1401142;الشجاعة;1;3
1401143;الشهيدة امية جبارة;1;3
1401144;ام وهب;1;3
1401145;بيت النبوة;1;1
1401146;صاحب الحوض;1;1
1401147;النبي البشير;4;11
1401148;الجهاد الكفائي;4;11
1401149;المسجد الحرام;1;1
1401150;نور السموات;1;2
1401151;الشهيد حسن موسى البديري;2;6
1401152;الشهيد رضا البديري;2;7
1401154;النوارس البيضاء;1;1
1401155;روضة العقيلة (غلق);1;1
1401156;المظفر;1;1
1401157;الغدير;1;1
1401158;الثقلين غلق;1;1
1401160;بانيقيا;1;1
1401161;بانيقيا;1;1
1401162;النوارس;1;1
1401163;النوارس;1;1
1401164;انوار الغدير الاساسية;1;1
1401165;انوار الغدير الأساسية;1;1
1401166;الحوراء;1;1
1401167;عبد الله بن الحسين ليهما السلام;2;6
1401168;فاطمة الزهراء;2;6
1401169;الاندلس;3;9
1401170;الامام الحسين;3;9
1401172;ايليا;1;1
1401174;الوادي المقدس غلق;1;1
1401175;الوادي المقدس غلق;1;1
1401178;القصواء;2;6
1401179;القصواء;2;6
1401180;الكوثر;1;1
1401181;الاندلس;3;9
1401182;الاندلس;3;9
1401183;ملائكة الرحمة;1;1
1401184;العترة الطاهرة;1;1
1401185;انوار الحسن المجتبى;2;10
1401186;تاج الدين;4;11
1401187;الموصل الحرة;1;1
1401188;المشعر الحرام;1;1
1401189;سنجار;1;2
1401190;الزاهدين;2;7
1401192;الشهيد نمير الفتلاوي;3;10
1401194;تنمية الذكاء (تعليق);1;1
1401195;السنافر;1;1
1401196;البرهان;1;1
1401197;الشريف الرضي;1;1
1401198;المستقبل غلق;1;1
1401199;الامام علي الهادي;1;1
1401200;الامجاد;1;1
1401201;الفرقان;1;1
1401202;الادريسي;1;1
1401203;صدى الحيدرية;1;2
1401204;السبطين;2;6
1401205;الطموح;2;6
1401206;المرتضى;2;7
1401207;اقرا;4;11
1401208;القمة;1;1
1401209;القمة;1;1
1401210;النخبة غلق;1;1
1401211;النخبة غلق;1;1
1401212;دار الزهراء;1;1
1401213;دار الزهراء;1;1
1401214;صدى الحيدرية;1;2
1401215;باب العلم;2;6
1401216;عمرو بن جنادة الانصاري;2;7
1401217;شهداء الحرية;2;8
1401218;صدى الحيدرية;1;2
1401219;عطاء الكوفة;2;6
1401220;النجف;1;1
1401221;بحار الانوار;1;1
1401222;شهداء العباسية;2;7
1401223;السيدة حكيمة;2;7
1401224;الصادقين;1;3
1401225;شهداء الرضوية;1;3
1401226;راية النصر;1;1
1401227;زها حديد;1;1
1401228;ام الكتاب;1;1
1401229;منعم عبدالزهرة شبر;2;6
1401230;احفاد مالك الاشتر;2;7
1401231;نور النور غلق;1;1
1401232;الغد;1;1
1401233;براثا;1;1
1401234;صافي صفا;1;1
1401235;التار;1;1
1401236;زدني علماً;1;1
1401237;باقر العلوم;1;1
1401238;ذو الفقار;1;1
1401239;انصار الامام الحسين;1;1
1401240;انصار الامام الحسين;1;1
1401241;قبس الغري;1;1
1401242;منارة العلم;1;1
1401243;بلاد الامير;1;1
1401244;المهندسين;1;1
1401245;نور المصطفى غلق;1;1
1401246;الفراهيدي;1;1
1401247;قطر الندى;1;1
1401248;يوسف الصديق;1;1
1401249;بيتي;1;1
1401250;بيتي;1;1
1401251;الشجرة الطيبة;1;1
1401252;افاق العلم الاساسية;2;6
1401253;الياسري;2;6
1401254;الاوائل;2;6
1401255;السفراء;2;6
1401256;الافق الجديد;2;6
1401257;كوفان;2;6
1401258;الجنائن;2;6
1401259;القلم;2;6
1401260;سما النجف;2;7
1401261;ريحانة المصطفى;2;8
1401262;الفلق;3;9
1401263;براثا للبنن;1;1
1401264;براثا;1;1
1401265;طريق الجنة;1;1
1401266;السماح (تعليق);1;1
1401267;القصواء المسائية;1;1
1401268;الرؤيا;1;1
1401269;العين;1;2
1401270;الشهيد ابو تحسين الصالحي;1;1
1401271;عطاء النجف;1;1
1401272;عطاء النجف;1;1
1401273;ينابيع الرحمة;3;10
1401274;الواقعة;4;11
1401275;سما;1;1
1401276;احفاد حاتم الطائي;1;2
1401277;الوارث;1;1
1401279;اليقين;1;1
1401280;الصفا;1;1
1401281;عطر الجنة;1;1
1401282;انوار المستقبل;2;7
1401283;انوار المستقبل;2;7
1401284;العاصمة;2;6
1401285;سما بغداد الاساسية;2;6
1401286;الامناء;2;6
1401287;ايات الرحمن الاساسية;2;6
1401288;العلمين;2;7
1401289;الاريج;2;6
1401290;الميسم;1;1
1401291;علي بن يقطين;1;1
1401292;الكمال;1;1
1401293;صقور البراكية الاساسية غلق;2;6
1401294;صقور البراكية الاساسية غلق;2;6
1401295;الشهيد كريم الخاقاني;1;1
1401296;القرطاس;2;6
1401297;حمائم السلام;2;6
1401298;آيسن;1;1
1401300;انوار الضياء الخيرية;1;1
1401301;نور المعرفة;4;11
1401302;نور المعرفة;4;11
1401303;احباب المرتضى;1;1
1401304;الحسنات;1;1
1401305;القلم (تعليق);2;6
1401306;راعي الاصلاح;2;6
1401307;الرؤية الاساسية;2;6
1401308;الرحاب;1;1
1401309;تنمية وتطوير;1;1
1401310;تنمية وتطوير;1;1
1401311;قنبر;1;1
1401312;فاطمة الصغرى;1;1
1401314;الوئام;1;3
1401315;القادسية;4;12
1401316;ريحانة المصطفى;2;8
1401317;ريحانة المصطفى;1;1
1401318;كفيلة الايتام;1;1
1401319;انوار المرتضى;2;7
1401320;المرتضى;2;7
1401321;العلا;2;7
1401322;احباب المرتضى;1;1
1401323;الاعتدال;3;10
1401324;شموس الغري (تعليق);1;1
1401325;الف باء;1;1
1401326;الف باء;1;1
1401327;الفهد;2;7
1401328;الفرقان;1;1
1401329;السفير الاساسية;2;6
1401330;نور السفير الاساسية;2;6
1401331;التراث;2;6
1401332;التراث;2;6
1401333;الورود;1;1
1401334;الخالد;1;1
1401335;علي بن يقطين;1;1
1401336;الاسطورة الاساسية;1;1
1401337;الاسطورة الاساسية;1;1
1401338;منارة المستقبل;1;1
1401339;بيادر الخير;1;2
1401340;العقيلة;2;6
1401341;دارك;1;1
1401342;اجيال الحيدرية;1;2
1401344;هدى الصدر;2;6
1401345;الاشراق;4;11
1401346;الامراء;1;1
1401347;الاميرات;1;1
1401348;نبراس العلم;1;1
1401349;نبراس العلم (غلق);1;1
1401350;سما بغداد;2;6
1401351;ايات الرحمن الاساسية;2;6
1401352;الكوفة;2;6
1401353;الكوفة غلق;2;6
1401354;نون;2;6
1401355;منارة المستقبل غلق;1;1
1401356;الخالد;1;1
1401357;باب الرجاء;4;11
1401358;عقد الولاء;1;3
1401359;عقد الولاء (غلق);1;3
1401360;عقد الولاء;1;3
1401361;عقد الولاء;1;3
1401362;عشتار;1;1
1401363;الامتياز;1;1
1401364;الامتياز;1;1
1401365;اوروك (تعليق);1;1
1401366;اوروك (صناع الأوائل);1;1
1401367;انوار السجاد الاساسية;2;6
1401368;انوار السجاد الابتدائية;2;6
1401369;الشهيد عبدالرضا الفياض;1;1
1401370;الشهيد جعفر المظفر;1;1
1401371;النجوى;1;1
1401372;العوالي;1;1
1401373;الياسمين;1;1
1401374;الريادة مركزية;2;7
1401375;بلاد الامير (تعليق);1;1
1401376;رواد السلام;2;6
1401377;رواد السلام;2;6
1401378;الذكوات البيض;4;11
1401379;زهور الجنائن;2;6
1401380;زهور الجنائن;2;6
1401381;الكوفة للمتميزات;2;6
1401382;الشيخ حاتم حسن الشي;2;8
1401383;معصومة;1;3
1401384;الاوسمة;1;1
1401385;الاغاريد;1;1
1401386;الكتاب;1;3
1401387;سومر;1;1
1401388;العلامة باقر الموسوي;1;2
1401389;المتفوقين;1;1
1401390;المتفوقات;1;1
1401391;الفوارس;2;7
1401392;الربوة;2;6
1401393;الوارقة الاساسية;2;6
1401394;عبدالكريم الفحام;2;6
1401395;بشائر النصر;2;7
1401396;الاصائل;2;7
1401398;الفسائل;2;7
1401399;طريق الجنة;1;1
1401400;الخورنق الاساسية;2;6
1401401;الابداع;4;11
1401402;الملاك;1;1
1401403;رواسي العلم;1;1
1401404;حلب الاساسية;2;6
1401405;كندة;2;6
1401406;در النجف;2;6
1401407;در النجف;2;6
1401408;در النجف;2;6
1401410;دار الحسين;1;1
1401414;الحسنين;1;1
1401415;الفاطميات;1;1
1401416;الكوفة للمتفوقين;2;6
1401417;الكوفة للمتفوقات;2;6
1401418;المبدعون الصغار;1;1
1401419;لغة الضاد;1;1
1401420;العدالة;1;1
1401421;البروج الاساسية;2;6
1401422;انوار الكفيل;4;11
1401423;انوار الكفيل;4;11
1401424;صافي صفا;1;1
1401425;نبراس العلم;1;1
1401426;العقيلة;2;6
1401427;انوار الكفيل;4;11
1401428;انوار الكفيل;4;11
1401429;اليمامة;1;1
1401430;التتويج;1;1
1401431;فيض الكوثر;1;1
1401432;الجمان;1;1
1401433;مهدي غني الكوفي;2;6
1401434;الانهار;2;7
1401435;المهيار;2;7
1401436;ثاانوية المناذرة للمتفوقين;3;9
1401437;المناذرة للمتفوقات;3;9
1401438;لولو كاتي;2;6
1401439;التعليم المطور;1;1
1401440;التعليم المطور;1;1
1401441;ينابيع المعرفة;2;6
1401442;طوى الأساسية;2;6
1401443;در النجف;2;6
1401444;ينابيع المعرفة;2;6
1401445;الخوارزمي;1;1
1401446;الشناشيل;1;1
1401447;البوادي;1;2
1401448;المرام;1;1
1401449;طريق الاحرار;1;2
1401450;الالباب;1;5
1401451;الشهيد ابو مهدي المهندس;1;1
1401452;الشهيد قصي العيساوي;2;6
1401453;الخورنق الاساسية;2;6
1401454;رسول الرحمة;1;2
1401455;المرفأ;1;1
1401456;الشهيد محمد عدنان الوادي;2;6
1401457;ولاء الكوفة;2;6
1401458;شهداء منطقة الوهابي;2;7
1401459;العهد الزاهر;1;1
1401460;جنائن بابل;1;1
1401461;البراء;3;9
1401462;الاصفياء;1;1
1401463;درة المحيط;1;1
1401464;العراق;1;1
1401465;الخالدات;3;9
1401466;ساندي بيل غلق;4;11
1401467;سما العراق;1;1
1401468;سما العراق;1;1
1401469;سما العراق;1;1
1401470;سما العراق;1;1
1401471;سما العراق (غلق);1;1
1401472;سما العراق (غلق);1;1
1401473;فتيان المستقبل;1;1
1401474;نور العلم;1;3
1401475;شذى الامامة;1;2
1401476;الماسة الزرقاء;1;1
1401477;الكواكب المنيرة;1;1
1401478;العشق الحسيني;1;1
1401479;البنيان المرصوص للمتفوقات;2;6
1401480;البعد الرابع;1;1
1401481;ازهار الربيع;1;1
1401482;حماة الوطن;1;1
1401483;الأجيال الواعدة;1;1
1401484;المبدعات;3;10
1401485;مسيرة الخلود;1;1
1401486;الضرغام;1;3
1401487;جوهرة البقيع;1;3
1401488;البواسل;1;1
1401489;منهج الصالحين للمتميزين;2;6
1401490;منهاج النبوة;1;1
1401491;الجود تنمية الاقاليم;1;1
1401492;الهاشميات;2;6
1401493;عبدالله الازدي;2;6
1401494;حياة شرارة;1;1
1401495;ال الصدر الكرام;3;10
1401496;خولة بنت الحسين;4;11
1401497;ال محمد;3;10
1401498;الكرم;1;1
1401499;حيدر شهيد;1;2
1401500;الشذرات;2;7
1401501;شمس الحق;1;3
1401502;بوابة التألق;3;9
1401503;جنة الحسين الاساسية;4;11
1401504;الفرقان;1;1
1401505;قائم ال محمد;1;1
1401506;قائم ال محمد;1;1
1401507;قائم ال محمد;1;1
1401508;قائم ال محمد;1;1
1401509;بيعة الغدير;1;1
1401510;لواء العلم;3;9
1401511;الغفران;3;9
1401512;سبط الرسول;1;1
1401513;الفرقان;1;1
1401514;القرآن والعترة الطاهرة;1;1
1401515;الطور;1;1
1401516;نيوتن الأساسية;1;1
1401517;نيوتن الأساسية;1;1
1401518;الشيماء;1;1
1401519;ادوبا الاساسية;1;1
1401520;أجيال المستقبل;2;6
1401521;النهرين;2;7
1401522;نور المعرفة;4;11
1401523;الطور;1;1
1401524;الطور;1;1
1401525;انوار الضياء;1;1
1401526;نيوتن;1;1
1401527;نيوتن;1;1
1401528;الياسري;2;6
1401529;النهرين;2;7
1401530;بوابة التالق;3;9
1401531;باب الرجاء;4;12
1401532;باب الرجاء;4;12
1401533;المتفوقين;1;1
1401534;المتفوقات;1;1
1401535;المسلة;1;1
1401536;الأخوة;1;1
1401537;الود;1;1
1401538;التفاؤل;1;1
1401539;الوقار;1;1
1401540;العنبر;1;1
1401541;المسك;1;1
1401542;النسور;1;2
1401543;البراءة;1;2
1401544;نبع الكوثر;1;3
1401545;سمير العلاق;2;6
1401546;الحجرات;2;6
1401548;صناع الغد;4;12
1401549;الامال;4;12
1401550;عبدالزهرة عنوز;1;1
1401551;شهداء العراق;1;1
1401552;رحاب العلم;1;1
1401553;الرتاج;1;1
1401554;الشهيد صادق الزيدي;1;2
1401555;محمد صادق الصدر;2;6
1401556;ما وراء الفقه;2;6
1401557;كاظم عبدالأمير الحدراوي;2;6
1401558;عاشوراء الحسين;2;8
1401559;عراق السلام;3;9
1401560;الصفوة الطاهرة;2;6
1401561;النقاء;2;6
1401562;وردة الصباح;2;7
1401563;زهير مراد الاسدي;2;7
1401564;ناجي المحنه;4;11
1401565;الاكرام;4;11
1401566;نيوتن;1;1
1401567;العاصمة;2;6
1401568;ضياء العلم;3;9
1401569;موطني;1;1
1401570;بلادي;1;1
1401571;القناديل غلق;2;7
1401572;قلعة العلوم;1;1
1401573;جيل التفوق;1;1
1401574;النورين;1;1
1401575;الضيغم;1;1
1401577;العلياء;1;5
1401578;زها حديد;2;7
1401579;حروف;1;1
1401580;حروف;1;1
1401581;السجدة;4;11
1401582;المسرات;4;11
1401583;الروان;4;11
1401584;سمارت;2;6
1401585;عبق الورد;4;12
1401586;الاولياء الصالحين الاساسية;1;1
1401587;جوهرة الرافدين لم تفتح;1;5
1401588;الاسباط;1;3
1401589;الرايات;1;1
1401590;المناسك;1;1
1401591;التهجد;1;1
1401592;الكفاءات;1;1
1401593;الميقات;1;1
1401594;الحجة;1;3
1401595;سلمان غماس الزجراوي;3;10
1401596;معهد الفنون الجميلة المسائي;1;1
1401597;معهد الفنون الجميلة المسائي;1;1
1401598;المواهب الأساسية;1;1
1401599;المواهب;1;1
1401600;الجودي (تعليق);1;1
1401601;العلمين;2;7
1401602;الجودي (تعليق);1;1
1401603;مظفر النواب;2;6
1401604;القرآن منهجنا;2;7
1401605;جفر بن علي بن ابي طالب  (الغاء);2;7
1401606;بغداد;2;7
1401607;التالق;2;6
1401608;التالق;2;6
1401609;طوفان الأقصى;1;1
1401610;شهداء الحيرة;3;10
1401611;الفلق;3;10
1401612;كادي;2;6
1401613;ابواب الامل;1;1
1401614;طريق الامل;1;1
1401615;الحوراء الأساسية;1;1
1401616;وطن السلام;1;1
1401617;براعم الراق;2;6
1401618;كوكب المواهب الأساسية الميار سابقا;2;6
1401619;قمم;2;6
1401620;العلا;2;7
1401621;الورود;4;11
1401622;ارض طيبة;1;1
1401623;الرونق;1;1
1401624;صناع الأوائل;1;1
1401625;غافر الأساسية;2;7
1401626;السحاب;2;7
1401627;بيادر الخير;1;2
1401628;سما العراق;1;1
1401629;سما العراق;1;1
1401630;سما العراق;1;1
1401631;سما العراق;1;1
1401632;الاصرار;3;10
1401633;شهداء الصد الاول;1;2
1401634;الزعفران;1;1
1401635;طوى;3;10
1401636;النسائم;1;2
1401637;الق الطور;2;6
1401638;منة المنان;2;6
1401639;لغتي;2;6
1401640;لغتي;2;6
1401642;الامير مثنى ال حاتم ال حسن;2;6
1401643;الشهيد احمد هندي فيروز الكوفي;2;6
1401644;الفرح الاولى النموذجية الأساسية;1;1
1401645;الفرح الاولى النموذجية الأساسية;1;1
1401646;الفرح الثانية النموذجية الأساسية;1;1
1401647;الفرح الثانية النموذجية الأساسية;1;1
1401648;سيد الجنوب;1;1
1401649;الرفعة;1;1
1401650;التبيان;3;10
1401651;فقه الفضاء;2;6
1401652;الشهيد علاوي الذبحاوي;2;6
1401653;الشهيد السعيد حسن نصر الله;2;6
1401654;الشهيد حسن نصرالله;4;11
1401655;النجف للعلوم الرياضية;1;1
1401656;ادوبا الاساسية;1;1
1401657;القطيف;1;1
1401658;النجف للسياحة والفندقة;1;1
1401659;الزيزفون;1;1
1401660;العبقري الصغير;1;5
1401661;رمز الحنان;1;1
1401662;المجادلة;2;6
1401663;الاقتدار (تعليق);4;12
1401664;تراث النجف الاساسية;1;1
1401665;زهور الغد الأساسية;1;1
1401666;ثمرة العلم;1;1
1401667;الشهيد غالب شنيع;1;1
1401668;سيدة الصبر;1;2
1401669;همسة امل;1;2
1401670;الامير علي ال محمد الحسناوي;1;2
1401671;الشهيد حسن نصر الله للحاسبات وتقنية الملومات;1;1
1401672;اليسر;1;1
1401673;عصر الظهور;1;1
1401674;المناذرة;3;9
1401675;الاولياء الصالحين الأساسية;1;1
1401676;الممهدات المسائية;3;9
1401677;نور الحق;3;9
1401678;النجاة;3;9
1401679;الممهدون;3;10
1401680;الشهيد ثائر الهلالي;1;1
1401681;قطوفها دانية;1;1
1401682;المستنصرية;2;6
1401683;المستنصرية;2;6
1401684;مدينة العلم;1;1
1401685;راية الحسين;1;3
1401686;اميرة الطف;1;2
1401687;شذى الزهور;1;2
1401688;حسن عبدالسعود البديري;2;8
1401689;الروحاء;3;10
1401690;ينبوع الحكمة;2;6
1401691;الدكتور هادي العابدي;1;1
1401692;شجرة التقوى;1;1
1401693;النبأ;1;1
1401694;العباسية للمتفوقين;2;6
1401695;جساب عريبي;1;2
1401696;الارتقاء الاساسية;1;1
1401697;المتفوقين;1;1
1401698;المتفوقات;1;1
1401699;كنوز المعارف;1;1
1401700;منارة المستقبل;1;1
1401701;جنة الفردوس;1;1
1401702;سكينة بنت الحسين;2;7
1401703;البهجة;4;12
1401704;المستقبل;1;1
1401705;السدير;1;1
1401706;السدير;1;1
1401707;الزيتون;1;1
1401708;شهداء العقيدة المسائية;1;1
1401709;زهور السوسن;1;1
1401710;الشيخ الكرباسي;1;1
1401711;النخيل;2;6
1401712;سما الحيدرية;1;2
1401713;سمارت الاساسية;2;6
1401714;جنة الحسين الاساسية;4;11
1401715;حروف;1;1
1401716;العقيق;1;1
1401717;الياقوتة;1;1
1401718;السيدة فضة;1;1
1401719;شمس المغرب الاساسية;1;1
1401720;حكاية;4;11
1401721;ايليا;1;1
1401722;الشيخ علي الغروي;2;6
1401723;جيل الزهراء;2;6
1401724;الشيخ البرجوردي;1;1
1401725;نور;1;1
1401726;نور;1;1
1401727;ارادة الحياة (دمج عكسي);1;1
